"player","position","season","Team","GP","TOI","G","A1","A2","Points","iSF","iFF","iCF","ixG","Sh_perc","F_Sh_perc","xFSH_perc","iBLK","iHF","iHA","GIVE","TAKE","iPENT2","iPEND2","iPENT5","iPEND5","FOW","FOL","FO_diff"
"AARON.EKBLAD","D","20162017","FLA",21,26.98,1,0,0,1,7,12,14,0.94,14.29,8.33,7.83,1,0,1,2,0,0,0,0,0,0,0,0
"AARON.EKBLAD","D","20172018","FLA",14,16.33,1,1,0,2,2,5,8,0.68,50,20,13.6,1,0,0,1,0,0,0,0,0,0,0,0
"AARON.EKBLAD","D","20182019","FLA",19,27.97,1,0,2,3,2,2,2,0.09,50,50,4.5,1,1,2,1,0,0,0,0,0,0,0,0
"ADAM.HENRIQUE","F","20162017","N.J",20,19.02,1,1,0,2,4,5,7,0.63,25,20,12.6,1,0,1,0,2,0,0,0,0,6,12,-6
"ADAM.HENRIQUE","F","20172018","ANA",13,15.88,1,0,0,1,3,5,5,0.4,33.33,20,8,0,0,0,1,0,0,0,0,0,2,7,-5
"ADAM.HENRIQUE","F","20172018","N.J",8,6.95,0,1,0,1,3,3,3,0.31,0,0,10.33,0,1,0,0,2,1,0,0,0,2,6,-4
"ADAM.HENRIQUE","F","20182019","ANA",11,12.42,0,2,0,2,2,3,3,0.46,0,0,15.33,0,1,0,1,0,0,0,0,0,7,4,3
"ADAM.LARSSON","D","20162017","EDM",4,5.38,0,0,0,0,1,1,1,0.16,0,0,16,0,0,1,0,0,0,0,0,0,0,0,0
"ADAM.PELECH","D","20172018","NYI",8,5.43,0,0,0,0,1,1,1,0.04,0,0,4,1,0,0,0,0,0,0,0,0,0,0,0
"ADRIAN.KEMPE","F","20172018","L.A",13,12.55,0,1,0,1,2,2,2,0.21,0,0,10.5,0,0,1,1,0,0,0,0,0,2,6,-4
"ADRIAN.KEMPE","F","20182019","L.A",11,11.05,0,1,0,1,3,5,5,0.55,0,0,11,0,0,0,0,1,0,0,0,0,3,5,-2
"ALEC.MARTINEZ","D","20162017","L.A",17,15.13,2,2,1,5,3,3,3,0.35,66.67,66.67,11.67,1,0,0,0,0,1,1,0,0,0,0,0
"ALEC.MARTINEZ","D","20172018","L.A",15,19.32,0,0,0,0,3,3,5,0.25,0,0,8.33,5,2,2,0,0,0,0,0,0,0,0,0
"ALEC.MARTINEZ","D","20182019","L.A",8,9.18,0,1,0,1,1,1,1,0.06,0,0,6,4,1,0,0,0,0,0,0,0,0,0,0
"ALEKSANDER.BARKOV","F","20162017","FLA",15,21.9,2,1,0,3,4,4,4,0.81,50,50,20.25,2,1,1,0,1,0,0,0,0,12,5,7
"ALEKSANDER.BARKOV","F","20172018","FLA",14,23.63,0,1,0,1,3,3,3,0.28,0,0,9.33,0,0,0,2,2,0,0,0,0,11,10,1
"ALEKSANDER.BARKOV","F","20182019","FLA",20,33.23,2,0,1,3,4,5,5,0.88,50,40,17.6,2,1,2,2,3,0,1,0,0,10,17,-7
"ALEX.CHIASSON","F","20182019","EDM",5,6.13,0,0,0,0,1,1,1,0.13,0,0,13,0,0,0,1,1,0,0,0,0,0,2,-2
"ALEX.DEBRINCAT","F","20172018","CHI",11,11.93,0,1,0,1,1,1,1,0.09,0,0,9,0,0,0,1,1,0,0,0,0,0,0,0
"ALEX.DEBRINCAT","F","20182019","CHI",15,16.35,1,0,0,1,5,5,6,0.65,20,20,13,0,1,1,2,1,0,0,0,0,0,0,0
"ALEX.EDLER","D","20162017","VAN",10,9.98,0,0,0,0,4,4,4,0.78,0,0,19.5,1,2,0,0,0,0,0,0,0,0,0,0
"ALEX.EDLER","D","20172018","VAN",16,23.82,1,2,0,3,2,3,7,0.15,50,33.33,5,3,2,0,0,0,0,0,0,0,0,0,0
"ALEX.EDLER","D","20182019","VAN",14,24.35,2,1,0,3,2,3,3,0.31,100,66.67,10.33,1,1,1,1,2,1,0,0,0,0,0,0
"ALEX.GALCHENYUK","F","20162017","MTL",15,11.3,3,1,0,4,4,4,5,0.7,75,75,17.5,1,2,0,0,1,0,0,0,0,6,3,3
"ALEX.GALCHENYUK","F","20172018","MTL",15,15.87,0,0,1,1,3,5,7,0.41,0,0,8.2,1,0,2,2,1,0,1,0,0,4,2,2
"ALEX.GALCHENYUK","F","20182019","ARI",10,10.43,1,0,0,1,4,4,4,0.36,25,25,9,0,1,2,0,0,0,0,0,0,1,1,0
"ALEX.GOLIGOSKI","D","20162017","ARI",17,16.38,0,1,1,2,0,0,2,0,0,0,0,6,1,0,0,0,0,0,0,0,0,0,0
"ALEX.GOLIGOSKI","D","20172018","ARI",16,15.95,1,0,1,2,2,3,3,0.56,50,33.33,18.67,3,1,1,0,0,0,1,0,0,0,0,0
"ALEX.GOLIGOSKI","D","20182019","ARI",13,12.38,0,1,0,1,0,0,0,0,0,0,0,2,0,0,0,0,0,0,0,0,0,0,0
"ALEX.IAFALLO","F","20172018","L.A",7,7.35,0,0,0,0,2,3,4,0.18,0,0,6,0,0,0,0,1,0,0,0,0,1,0,1
"ALEX.KERFOOT","F","20172018","COL",7,6.23,0,0,0,0,2,2,2,0.18,0,0,9,0,0,1,0,0,0,0,0,0,0,0,0
"ALEX.KERFOOT","F","20182019","COL",8,7.95,0,0,0,0,0,0,1,0,0,0,0,0,0,0,1,0,1,0,0,0,1,0,1
"ALEX.KILLORN","F","20162017","T.B",14,16.05,0,0,0,0,4,6,6,0.5,0,0,8.33,0,0,0,0,0,0,0,0,0,0,0,0
"ALEX.KILLORN","F","20182019","T.B",9,5.78,1,1,0,2,2,4,5,0.3,50,25,7.5,0,0,0,0,1,0,0,0,0,0,0,0
"ALEX.OVECHKIN","F","20162017","WSH",17,16.02,1,0,0,1,11,15,15,1.22,9.09,6.67,8.13,0,0,2,0,0,0,0,0,0,0,0,0
"ALEX.OVECHKIN","F","20172018","WSH",14,13.63,2,0,0,2,3,4,5,0.41,66.67,50,10.25,0,0,0,1,0,1,1,0,0,0,0,0
"ALEX.OVECHKIN","F","20182019","WSH",13,19.87,0,2,0,2,2,8,9,0.75,0,0,9.38,2,4,1,1,0,0,0,0,0,0,0,0
"ALEX.PIETRANGELO","D","20162017","STL",12,12.7,0,0,0,0,3,3,5,0.33,0,0,11,4,0,0,1,0,0,0,0,0,0,0,0
"ALEX.PIETRANGELO","D","20172018","STL",14,17.47,1,1,1,3,5,5,5,0.31,20,20,6.2,4,0,0,1,0,0,1,0,0,0,0,0
"ALEX.PIETRANGELO","D","20182019","STL",13,19.78,0,0,0,0,1,1,2,0.13,0,0,13,1,0,0,0,2,0,0,0,0,0,0,0
"ALEX.RADULOV","F","20162017","MTL",17,17.08,1,2,0,3,4,5,6,0.68,25,20,13.6,1,1,1,1,0,0,1,0,0,0,1,-1
"ALEX.RADULOV","F","20172018","DAL",16,19.3,2,0,0,2,10,12,14,1.13,20,16.67,9.42,1,0,1,1,2,2,0,0,0,0,0,0
"ALEX.RADULOV","F","20182019","DAL",8,10.53,1,2,0,3,4,4,4,0.21,25,25,5.25,2,0,0,0,1,0,0,0,0,0,1,-1
"ALEX.STEEN","F","20162017","STL",10,12.52,0,2,0,2,2,2,3,0.25,0,0,12.5,1,0,0,0,0,0,0,0,0,1,3,-2
"ALEX.STEEN","F","20172018","STL",9,10.02,0,1,0,1,2,3,3,0.36,0,0,12,0,1,0,0,0,0,0,0,0,0,0,0
"ALEX.TUCH","F","20172018","VGK",6,5.8,0,0,0,0,3,4,4,0.36,0,0,9,0,0,0,0,0,1,0,0,0,0,2,-2
"ALEX.TUCH","F","20182019","VGK",8,5.88,1,0,0,1,4,5,5,0.16,25,20,3.2,1,1,0,0,0,0,0,0,0,0,0,0
"ALEX.WENNBERG","F","20162017","CBJ",18,22,0,1,1,2,3,4,4,0.52,0,0,13,1,0,1,1,2,0,0,0,0,12,7,5
"ALEX.WENNBERG","F","20172018","CBJ",13,14.27,1,0,1,2,2,2,2,0.44,50,50,22,2,0,1,0,0,0,0,0,0,7,6,1
"ANDREAS.ATHANASIOU","F","20162017","DET",15,15.05,2,0,0,2,7,8,12,1.21,28.57,25,15.12,1,0,1,0,1,0,0,0,0,1,0,1
"ANDREAS.ATHANASIOU","F","20172018","DET",15,13.58,1,0,0,1,3,5,5,0.83,33.33,20,16.6,0,0,1,0,4,0,0,0,0,2,0,2
"ANDREAS.ATHANASIOU","F","20182019","DET",16,22.1,1,1,1,3,7,9,12,0.95,14.29,11.11,10.56,1,0,0,0,0,0,0,0,0,1,1,0
"ANDREI.MARKOV","D","20162017","MTL",13,9.8,0,0,1,1,0,0,0,0,0,0,0,0,0,1,0,1,0,1,0,0,0,0,0
"ANDREJ.SEKERA","D","20162017","EDM",14,17.9,0,0,1,1,4,5,5,0.44,0,0,8.8,1,2,0,0,1,0,0,0,0,0,0,0
"ANDREW.COGLIANO","F","20172018","ANA",6,5.38,0,0,0,0,0,0,0,0,0,0,0,0,0,0,1,0,0,0,0,0,1,0,1
"ANDREW.LADD","F","20162017","NYI",9,8.38,1,0,0,1,2,5,5,0.45,50,20,9,0,0,1,0,0,0,0,0,0,0,0,0
"ANDREW.MACDONALD","D","20162017","PHI",7,6.75,0,0,0,0,0,0,1,0,0,0,0,0,0,1,0,0,0,0,0,0,0,0,0
"ANDREW.MACDONALD","D","20172018","PHI",8,6.12,0,0,0,0,1,1,1,0.09,0,0,9,1,1,2,0,0,0,0,0,0,0,0,0
"ANDY.GREENE","D","20162017","N.J",19,22.5,0,0,0,0,2,2,2,0.19,0,0,9.5,7,1,2,1,1,0,0,0,0,0,0,0
"ANDY.GREENE","D","20172018","N.J",16,17.7,0,0,0,0,0,0,1,0,0,0,0,1,1,0,0,0,0,0,0,0,0,0,0
"ANTHONY.BEAUVILLIER","F","20172018","NYI",8,6.87,0,0,0,0,1,1,1,0.09,0,0,9,0,0,0,0,0,0,0,0,0,0,1,-1
"ANTHONY.BEAUVILLIER","F","20182019","NYI",13,14.15,0,0,1,1,6,7,10,0.69,0,0,9.86,0,1,2,0,0,0,0,0,0,0,1,-1
"ANTHONY.CIRELLI","F","20182019","T.B",15,16.2,1,1,0,2,2,3,3,0.4,50,33.33,13.33,1,0,0,0,2,0,1,0,0,5,9,-4
"ANTHONY.DUCLAIR","F","20162017","ARI",6,6.17,0,0,0,0,2,4,6,0.47,0,0,11.75,0,1,0,0,0,0,0,0,0,0,0,0
"ANTHONY.MANTHA","F","20162017","DET",13,15.35,2,0,0,2,10,10,10,1.27,20,20,12.7,0,0,0,1,1,0,1,0,0,0,0,0
"ANTHONY.MANTHA","F","20172018","DET",15,16.55,0,0,0,0,5,5,7,0.58,0,0,11.6,0,1,0,2,1,0,0,0,0,0,0,0
"ANTHONY.MANTHA","F","20182019","DET",15,16.38,1,1,0,2,6,12,13,1.21,16.67,8.33,10.08,0,0,1,4,3,0,0,0,0,1,1,0
"ANTOINE.VERMETTE","F","20172018","ANA",8,8.85,0,0,0,0,0,0,0,0,0,0,0,0,0,0,0,0,0,0,0,0,4,7,-3
"ANTON.STRALMAN","D","20162017","T.B",18,18.6,0,0,0,0,1,1,1,0.05,0,0,5,1,1,0,0,2,0,0,0,0,0,0,0
"ANTON.STRALMAN","D","20172018","T.B",14,14.2,0,2,0,2,2,4,6,0.15,0,0,3.75,3,2,1,0,0,0,0,0,0,0,0,0
"ANZE.KOPITAR","F","20162017","L.A",19,21.65,0,2,3,5,1,5,9,0.47,0,0,9.4,0,1,0,0,3,0,2,0,0,14,13,1
"ANZE.KOPITAR","F","20172018","L.A",19,29.5,0,3,1,4,5,7,10,0.83,0,0,11.86,0,0,1,2,0,0,0,0,0,17,11,6
"ANZE.KOPITAR","F","20182019","L.A",15,21.38,0,0,1,1,3,5,7,0.31,0,0,6.2,0,0,1,0,1,0,2,0,0,14,6,8
"ARTEM.ANISIMOV","F","20162017","CHI",8,6.32,1,0,1,2,1,1,1,0.93,100,100,93,1,0,0,0,0,0,0,0,0,3,4,-1
"ARTEM.ANISIMOV","F","20172018","CHI",9,8.23,0,1,0,1,0,0,1,0,0,0,0,0,0,0,0,1,0,0,0,0,4,6,-2
"ARTEM.ANISIMOV","F","20182019","CHI",9,8.38,0,0,1,1,1,1,1,0.03,0,0,3,0,0,0,0,0,0,0,0,0,4,3,1
"ARTEMI.PANARIN","F","20162017","CHI",15,15.67,0,2,0,2,5,6,8,0.58,0,0,9.67,0,1,1,2,1,0,2,0,0,0,0,0
"ARTEMI.PANARIN","F","20172018","CBJ",20,28.82,1,1,1,3,10,16,19,1.42,10,6.25,8.88,0,1,0,1,4,1,1,0,0,0,0,0
"ARTEMI.PANARIN","F","20182019","CBJ",13,17.98,2,2,1,5,8,9,14,0.82,25,22.22,9.11,1,1,1,1,0,0,2,0,0,0,1,-1
"ARTTURI.LEHKONEN","F","20172018","MTL",9,7.28,0,0,0,0,3,3,4,0.35,0,0,11.67,0,0,1,0,0,0,0,0,0,0,0,0
"ARTTURI.LEHKONEN","F","20182019","MTL",8,5.93,0,0,0,0,0,1,1,0.09,0,0,9,1,0,0,0,0,0,0,0,0,0,0,0
"AUSTON.MATTHEWS","F","20162017","TOR",19,21.4,1,1,0,2,8,13,16,1.52,12.5,7.69,11.69,2,0,0,0,2,0,0,0,0,10,7,3
"AUSTON.MATTHEWS","F","20172018","TOR",13,14.65,2,0,0,2,6,7,8,1.12,33.33,28.57,16,0,0,1,0,1,0,0,0,0,4,1,3
"AUSTON.MATTHEWS","F","20182019","TOR",11,12.52,2,0,1,3,3,8,8,0.97,66.67,25,12.12,1,0,0,0,2,0,0,0,0,5,4,1
"BEN.HUTTON","D","20162017","VAN",14,16.12,0,0,0,0,1,3,3,0.21,0,0,7,3,0,0,2,2,1,1,0,0,0,0,0
"BEN.HUTTON","D","20182019","VAN",11,15.57,0,0,0,0,3,5,6,0.32,0,0,6.4,3,0,1,0,0,0,0,0,0,0,0,0
"BEN.LOVEJOY","D","20162017","N.J",10,9.23,0,0,0,0,1,1,1,0.17,0,0,17,1,1,0,0,0,0,0,0,0,0,0,0
"BENOIT.POULIOT","F","20172018","BUF",5,5.47,0,0,0,0,1,1,1,0.11,0,0,11,0,1,0,0,0,0,0,0,0,0,0,0
"BLAKE.COLEMAN","F","20182019","N.J",5,6.35,0,0,0,0,2,3,4,0.42,0,0,14,0,0,2,0,0,0,0,0,0,0,0,0
"BLAKE.WHEELER","F","20162017","WPG",13,18.35,0,1,0,1,2,4,5,0.26,0,0,6.5,2,0,1,2,1,1,0,0,0,1,2,-1
"BLAKE.WHEELER","F","20172018","WPG",15,23.22,0,0,0,0,10,11,12,1.16,0,0,10.55,2,0,1,0,0,0,0,0,0,2,2,0
"BLAKE.WHEELER","F","20182019","WPG",12,21.12,0,0,2,2,3,3,3,0.14,0,0,4.67,2,0,1,1,1,0,0,0,0,1,0,1
"BOBBY.RYAN","F","20162017","OTT",9,9.3,0,0,0,0,0,0,0,0,0,0,0,1,0,0,1,1,0,0,0,0,1,0,1
"BO.HORVAT","F","20162017","VAN",14,14.43,0,0,0,0,4,6,7,0.76,0,0,12.67,2,0,0,0,0,0,0,0,0,8,4,4
"BO.HORVAT","F","20172018","VAN",13,12.68,0,0,0,0,3,4,5,0.19,0,0,4.75,0,0,0,0,0,0,0,0,0,6,5,1
"BO.HORVAT","F","20182019","VAN",24,33.07,2,0,0,2,7,9,11,1.19,28.57,22.22,13.22,2,0,1,0,2,1,0,0,0,19,21,-2
"BRAD.MARCHAND","F","20162017","BOS",12,12.6,1,0,0,1,4,7,8,0.91,25,14.29,13,0,0,1,0,1,1,1,0,0,0,0,0
"BRAD.MARCHAND","F","20172018","BOS",20,23.92,5,0,0,5,9,10,10,1.74,55.56,50,17.4,0,1,0,0,2,0,0,0,0,0,0,0
"BRAD.MARCHAND","F","20182019","BOS",19,20.42,2,0,1,3,8,10,12,0.47,25,20,4.7,1,1,1,0,2,1,0,0,0,0,1,-1
"BRAD.RICHARDSON","F","20182019","ARI",5,5.13,0,0,0,0,2,2,2,0.17,0,0,8.5,0,0,1,0,1,0,0,0,0,5,3,2
"BRADY.SKJEI","D","20162017","NYR",12,15.05,0,1,1,2,1,2,3,0.12,0,0,6,2,0,2,1,1,0,0,0,0,0,0,0
"BRADY.SKJEI","D","20172018","NYR",18,24.57,0,1,0,1,3,4,4,0.5,0,0,12.5,2,2,1,1,1,1,2,0,0,0,0,0
"BRADY.SKJEI","D","20182019","NYR",21,29.25,1,0,0,1,5,6,7,0.47,20,16.67,7.83,5,0,0,1,1,0,1,0,0,0,0,0
"BRANDON.CARLO","D","20162017","BOS",11,12.73,0,0,2,2,2,2,2,0.27,0,0,13.5,0,1,0,0,0,0,0,0,0,0,0,0
"BRANDON.CARLO","D","20172018","BOS",6,6.67,0,0,0,0,1,1,1,0.23,0,0,23,1,0,0,0,1,0,0,0,0,0,0,0
"BRANDON.CARLO","D","20182019","BOS",7,5.18,0,0,0,0,0,1,1,0.1,0,0,10,1,0,0,2,2,0,0,0,0,0,0,0
"BRANDON.DUBINSKY","F","20162017","CBJ",17,15.12,1,3,0,4,5,6,7,0.94,20,16.67,15.67,2,0,0,0,1,0,0,0,0,5,7,-2
"BRANDON.DUBINSKY","F","20172018","CBJ",8,8.22,0,0,1,1,2,2,2,0.1,0,0,5,0,0,0,0,0,0,0,0,0,5,4,1
"BRANDON.MONTOUR","D","20172018","ANA",18,25.62,0,1,1,2,4,4,4,0.36,0,0,9,2,1,2,2,3,1,0,0,0,0,0,0
"BRANDON.MONTOUR","D","20182019","ANA",11,16.68,0,1,0,1,2,3,3,0.19,0,0,6.33,2,0,0,1,1,0,0,0,0,0,0,0
"BRANDON.SAAD","F","20162017","CBJ",17,17.65,0,1,1,2,5,9,10,0.64,0,0,7.11,0,1,1,0,1,0,0,0,0,0,0,0
"BRANDON.SAAD","F","20172018","CHI",13,11.22,2,1,0,3,5,7,11,0.92,40,28.57,13.14,0,0,2,1,0,0,0,0,0,0,0,0
"BRANDON.SAAD","F","20182019","CHI",15,13.28,0,2,0,2,7,8,8,1.2,0,0,15,1,2,0,0,3,0,0,0,0,0,0,0
"BRANDON.SUTTER","F","20162017","VAN",18,18.87,1,1,0,2,6,8,9,0.65,16.67,12.5,8.12,0,3,1,0,0,1,0,0,0,18,9,9
"BRANDON.SUTTER","F","20172018","VAN",11,8.53,1,2,0,3,3,3,3,0.13,33.33,33.33,4.33,1,1,0,0,0,0,0,0,0,2,5,-3
"BRANDON.SUTTER","F","20182019","VAN",6,7.68,0,0,0,0,0,2,3,0.19,0,0,9.5,1,1,0,0,1,0,0,0,0,1,1,0
"BRAYDEN.POINT","F","20162017","T.B",13,13.65,0,1,0,1,4,4,4,0.31,0,0,7.75,1,0,0,0,1,1,0,0,0,5,6,-1
"BRAYDEN.POINT","F","20172018","T.B",15,15.52,2,0,0,2,6,7,10,0.87,33.33,28.57,12.43,1,2,1,0,1,0,0,0,0,7,5,2
"BRAYDEN.POINT","F","20182019","T.B",16,21.17,1,1,0,2,5,8,8,0.9,20,12.5,11.25,2,1,2,0,0,1,1,0,0,9,9,0
"BRAYDEN.SCHENN","F","20162017","PHI",19,21.62,2,0,0,2,7,9,9,1.35,28.57,22.22,15,1,1,2,1,1,0,0,0,0,9,2,7
"BRAYDEN.SCHENN","F","20172018","STL",15,16.5,2,1,1,4,8,11,16,1.42,25,18.18,12.91,2,0,0,1,0,0,0,0,0,5,7,-2
"BRAYDEN.SCHENN","F","20182019","STL",12,15.92,1,0,0,1,5,5,7,0.71,20,20,14.2,1,0,0,0,0,1,0,0,0,3,1,2
"BRENDAN.GALLAGHER","F","20162017","MTL",8,8.47,0,0,0,0,3,4,4,0.46,0,0,11.5,0,0,1,0,1,0,0,0,0,0,2,-2
"BRENDAN.GALLAGHER","F","20172018","MTL",8,7.63,0,0,0,0,3,3,3,0.37,0,0,12.33,0,0,0,0,0,0,0,0,0,0,2,-2
"BRENDAN.PERLINI","F","20172018","ARI",17,17.53,0,1,0,1,2,3,5,0.27,0,0,9,0,0,0,1,0,0,0,0,0,0,0,0
"BRENT.BURNS","D","20162017","S.J",13,13.93,1,0,1,2,3,3,3,0.34,33.33,33.33,11.33,1,0,0,1,0,0,0,0,0,0,0,0
"BRENT.BURNS","D","20172018","S.J",19,26,1,0,0,1,7,8,8,0.7,14.29,12.5,8.75,3,2,1,0,1,1,0,0,0,0,0,0
"BRENT.BURNS","D","20182019","S.J",11,13.92,1,0,0,1,4,5,5,0.48,25,20,9.6,3,0,0,0,0,0,0,0,0,0,0,0
"BRENT.SEABROOK","D","20162017","CHI",10,10.05,0,1,0,1,1,1,1,0.09,0,0,9,2,0,0,0,0,0,0,0,0,0,1,-1
"BRENT.SEABROOK","D","20172018","CHI",6,5.22,0,0,0,0,1,1,1,0.05,0,0,5,1,0,0,0,1,0,0,0,0,0,1,-1
"BRETT.HOWDEN","F","20182019","NYR",11,12.08,0,0,0,0,2,3,3,0.39,0,0,13,0,0,0,2,0,0,0,0,0,1,6,-5
"BRETT.PESCE","D","20162017","CAR",9,6.85,0,0,0,0,1,2,2,0.22,0,0,11,2,0,2,1,0,0,0,0,0,0,0,0
"BRETT.PESCE","D","20172018","CAR",7,7.8,0,0,0,0,1,1,1,0.14,0,0,14,0,0,0,0,0,0,0,0,0,0,0,0
"BRETT.PESCE","D","20182019","CAR",7,7.88,0,0,1,1,1,1,1,0.09,0,0,9,0,1,0,0,0,0,0,0,0,0,0,0
"BRIAN.DUMOULIN","D","20162017","PIT",10,8.65,0,0,0,0,1,1,1,0.06,0,0,6,0,0,1,0,0,0,0,0,0,0,0,0
"BRIAN.DUMOULIN","D","20172018","PIT",11,9.55,0,0,0,0,4,5,5,0.69,0,0,13.8,1,0,0,1,0,0,0,0,0,0,0,0
"BRIAN.DUMOULIN","D","20182019","PIT",10,11.7,0,0,0,0,3,3,3,0.64,0,0,21.33,1,1,1,1,0,0,1,0,0,0,0,0
"BRIAN.GIBBONS","F","20172018","N.J",7,6.1,1,0,0,1,1,1,1,0.4,100,100,40,0,0,0,0,2,0,0,0,0,0,1,-1
"BROCK.BOESER","F","20172018","VAN",9,9.07,0,0,0,0,2,3,3,0.18,0,0,6,0,0,0,1,1,0,0,0,0,0,1,-1
"BROCK.BOESER","F","20182019","VAN",20,29.87,1,3,1,5,6,7,11,0.58,16.67,14.29,8.29,0,0,0,0,2,0,1,0,0,4,2,2
"BROCK.NELSON","F","20162017","NYI",16,12.35,1,0,0,1,3,3,4,0.26,33.33,33.33,8.67,0,1,0,1,0,0,0,0,0,7,4,3
"BROCK.NELSON","F","20172018","NYI",10,9.38,1,0,0,1,5,5,6,0.85,20,20,17,0,0,0,0,0,0,0,0,0,1,4,-3
"BROCK.NELSON","F","20182019","NYI",16,20.75,1,1,2,4,3,3,5,0.34,33.33,33.33,11.33,1,0,2,0,2,0,0,0,0,7,11,-4
"BRYAN.LITTLE","F","20162017","WPG",9,9.88,1,0,0,1,4,4,4,0.6,25,25,15,0,0,0,1,1,0,0,0,0,7,5,2
"BRYAN.LITTLE","F","20172018","WPG",16,17.62,1,1,0,2,4,4,4,0.59,25,25,14.75,1,1,0,0,0,1,0,0,0,10,11,-1
"BRYAN.LITTLE","F","20182019","WPG",9,9.37,1,0,0,1,4,4,4,0.51,25,25,12.75,0,0,0,1,0,0,0,0,0,3,5,-2
"BRYAN.RUST","F","20162017","PIT",9,5.63,1,0,0,1,2,3,3,0.29,50,33.33,9.67,0,1,0,0,0,0,0,0,0,0,0,0
"BRYAN.RUST","F","20182019","PIT",11,8.75,0,0,0,0,0,1,1,0.21,0,0,21,0,0,0,0,0,0,0,0,0,0,0,0
"CALLE.JARNKROK","F","20162017","NSH",17,14.8,0,0,0,0,1,1,1,0.08,0,0,8,1,0,0,0,0,0,0,0,0,2,4,-2
"CALLE.JARNKROK","F","20172018","NSH",17,14.85,1,1,0,2,3,3,3,0.25,33.33,33.33,8.33,0,0,0,0,0,0,0,0,0,3,1,2
"CALVIN.DE HAAN","D","20162017","NYI",10,7.2,0,1,1,2,1,1,2,0.06,0,0,6,0,0,0,1,0,1,0,0,0,0,0,0
"CAM.ATKINSON","F","20162017","CBJ",17,14.98,3,2,0,5,9,10,13,1.16,33.33,30,11.6,0,0,1,0,1,1,0,0,0,0,0,0
"CAM.ATKINSON","F","20172018","CBJ",14,12.37,1,1,0,2,4,4,5,0.26,25,25,6.5,0,0,0,0,1,0,0,0,0,0,0,0
"CAM.ATKINSON","F","20182019","CBJ",9,11.23,0,1,0,1,1,1,1,0.13,0,0,13,0,0,0,0,1,0,0,0,0,0,0,0
"CAM.FOWLER","D","20162017","ANA",16,24.02,0,0,0,0,5,6,6,0.64,0,0,10.67,3,0,0,0,1,0,1,0,0,0,0,0
"CAM.FOWLER","D","20172018","ANA",17,27.35,0,0,0,0,1,2,2,0.21,0,0,10.5,3,0,0,1,0,1,0,0,0,0,0,0
"CAM.FOWLER","D","20182019","ANA",5,7.22,1,0,1,2,2,2,2,0.31,50,50,15.5,0,0,0,0,0,0,0,0,0,0,0,0
"CARL.SODERBERG","F","20182019","COL",10,13.73,0,0,0,0,1,2,3,0.22,0,0,11,0,0,0,0,1,0,0,0,0,4,1,3
"CASEY.CIZIKAS","F","20162017","NYI",9,6.1,0,0,0,0,0,1,2,0.08,0,0,8,1,0,1,0,0,0,0,0,0,5,3,2
"CASEY.CIZIKAS","F","20182019","NYI",10,8.47,0,1,0,1,0,1,2,0.18,0,0,18,0,0,0,2,2,0,0,0,0,4,0,4
"CASEY.MITTELSTADT","F","20182019","BUF",10,12.53,0,0,0,0,2,2,2,0.13,0,0,6.5,0,1,0,1,0,0,0,0,0,3,3,0
"CHARLIE.COYLE","F","20162017","MIN",10,7.97,0,1,1,2,4,5,5,0.24,0,0,4.8,0,0,0,0,1,0,0,0,0,1,2,-1
"CHARLIE.COYLE","F","20172018","MIN",15,18.62,0,2,0,2,2,3,3,0.3,0,0,10,2,1,1,1,0,0,0,0,0,7,8,-1
"CHARLIE.COYLE","F","20182019","MIN",7,7.38,0,1,0,1,1,2,3,0.21,0,0,10.5,0,1,0,0,0,0,0,0,0,2,3,-1
"CHARLIE.MCAVOY","D","20172018","BOS",13,18.9,1,0,0,1,3,3,5,0.57,33.33,33.33,19,5,1,1,1,1,0,0,0,0,0,0,0
"CHARLIE.MCAVOY","D","20182019","BOS",13,16.6,1,0,0,1,2,2,2,0.2,50,50,10,2,3,0,0,2,0,0,0,0,0,0,0
"CHRIS.KREIDER","F","20162017","NYR",9,8.67,0,0,0,0,0,2,2,0.18,0,0,9,0,0,0,0,0,0,0,0,0,0,0,0
"CHRIS.KREIDER","F","20172018","NYR",9,7.38,0,1,0,1,2,4,5,0.54,0,0,13.5,0,0,1,0,0,0,0,0,0,0,0,0
"CHRIS.KREIDER","F","20182019","NYR",18,20.25,0,0,0,0,3,5,5,0.32,0,0,6.4,2,2,1,1,1,0,0,0,0,0,0,0
"CHRIS.TANEV","D","20162017","VAN",12,10.88,1,0,1,2,3,3,3,0.18,33.33,33.33,6,2,0,0,0,1,0,0,0,0,0,0,0
"CHRIS.TANEV","D","20172018","VAN",5,6.85,0,0,1,1,1,2,2,0.08,0,0,4,0,0,0,0,0,0,0,0,0,0,0,0
"CHRIS.TANEV","D","20182019","VAN",11,14.67,0,2,0,2,1,1,1,0.04,0,0,4,0,0,1,0,2,0,0,0,0,0,0,0
"CHRISTIAN.DVORAK","F","20162017","ARI",12,12.65,0,0,0,0,2,4,4,0.45,0,0,11.25,0,1,0,0,0,1,0,0,0,2,4,-2
"CHRISTIAN.DVORAK","F","20172018","ARI",16,13.63,0,1,0,1,3,6,8,0.53,0,0,8.83,0,1,2,0,0,0,0,0,0,8,2,6
"CHRISTIAN.FISCHER","F","20172018","ARI",12,9.1,2,1,0,3,3,3,6,0.63,66.67,66.67,21,0,0,1,1,0,0,0,0,0,0,0,0
"CHRIS.TIERNEY","F","20172018","S.J",12,11.38,0,0,0,0,3,5,5,0.61,0,0,12.2,0,0,0,0,2,0,2,0,0,1,1,0
"CLAUDE.GIROUX","F","20162017","PHI",24,33.15,2,2,0,4,8,13,14,1.17,25,15.38,9,0,2,1,2,4,0,0,0,0,16,19,-3
"CLAUDE.GIROUX","F","20172018","PHI",19,23,1,0,0,1,7,10,11,1.2,14.29,10,12,1,0,0,0,0,1,2,0,0,14,6,8
"CLAUDE.GIROUX","F","20182019","PHI",15,17.03,1,0,1,2,6,7,8,0.74,16.67,14.29,10.57,0,2,0,0,1,0,0,0,0,9,5,4
"CLAYTON.KELLER","F","20172018","ARI",20,25.42,2,1,0,3,11,12,17,1.62,18.18,16.67,13.5,1,0,1,0,0,0,1,0,0,3,4,-1
"CLAYTON.KELLER","F","20182019","ARI",16,20.52,0,2,0,2,1,4,7,0.45,0,0,11.25,1,0,0,1,1,0,0,0,0,0,2,-2
"CODY.CECI","D","20162017","OTT",16,24.68,0,0,0,0,1,1,2,0.07,0,0,7,2,2,1,1,0,0,0,0,0,0,0,0
"CODY.CECI","D","20172018","OTT",12,12.42,0,0,0,0,1,1,1,0.36,0,0,36,2,2,0,0,0,0,0,0,0,0,0,0
"CODY.EAKIN","F","20162017","DAL",6,7.92,0,1,0,1,0,1,2,0.15,0,0,15,0,0,0,0,0,0,0,0,0,4,2,2
"CODY.EAKIN","F","20172018","VGK",7,7.25,0,0,0,0,0,0,1,0,0,0,0,0,0,0,0,0,0,0,0,0,3,3,0
"COLIN.MILLER","D","20172018","VGK",13,14.37,0,0,0,0,1,2,6,0.25,0,0,12.5,1,0,0,0,1,1,0,0,0,0,0,0
"COLIN.MILLER","D","20182019","VGK",7,7.4,0,0,1,1,3,3,3,0.02,0,0,0.67,1,0,0,0,0,0,1,0,0,0,0,0
"COLIN.WHITE","F","20182019","OTT",5,5.93,0,0,0,0,1,1,1,0.41,0,0,41,0,0,0,0,0,0,0,0,0,1,2,-1
"COLIN.WILSON","F","20162017","NSH",9,6.03,0,0,0,0,3,3,3,0.16,0,0,5.33,0,0,0,0,1,0,0,0,0,0,0,0
"COLTON.PARAYKO","D","20162017","STL",10,11.45,0,0,0,0,1,1,1,0.06,0,0,6,0,0,0,0,1,1,1,0,0,0,0,0
"COLTON.PARAYKO","D","20172018","STL",16,20.53,0,2,0,2,4,4,4,0.18,0,0,4.5,5,0,0,1,2,0,0,0,0,0,0,0
"COLTON.PARAYKO","D","20182019","STL",16,22.12,1,1,0,2,2,2,2,0.1,50,50,5,2,0,0,1,2,0,0,0,0,0,0,0
"COLTON.SCEVIOUR","F","20162017","FLA",5,5.55,0,0,0,0,1,2,2,0.15,0,0,7.5,0,0,0,0,0,0,0,0,0,0,0,0
"COLTON.SISSONS","F","20172018","NSH",13,10.17,0,0,0,0,1,1,2,0.24,0,0,24,0,0,1,0,0,0,0,0,0,6,6,0
"CONNOR.BROWN","F","20162017","TOR",13,11.2,0,0,1,1,2,3,3,0.55,0,0,18.33,2,1,0,0,2,0,0,0,0,0,0,0
"CONNOR.BROWN","F","20172018","TOR",9,7.07,0,0,0,0,0,0,0,0,0,0,0,1,1,0,0,0,1,0,0,0,1,1,0
"CONNOR.MCDAVID","F","20162017","EDM",16,30.4,1,3,0,4,9,12,16,1.64,11.11,8.33,13.67,1,1,2,3,2,0,1,0,0,4,6,-2
"CONNOR.MCDAVID","F","20172018","EDM",18,36.63,2,2,0,4,11,12,14,2.13,18.18,16.67,17.75,1,2,3,1,4,0,2,0,0,1,4,-3
"CONNOR.MCDAVID","F","20182019","EDM",18,25.07,3,3,0,6,6,7,9,0.67,50,42.86,9.57,2,1,0,2,4,0,0,0,0,1,2,-1
"CONOR.GARLAND","F","20182019","ARI",7,6.53,0,0,0,0,1,1,2,0.08,0,0,8,0,0,1,1,2,0,0,0,0,0,0,0
"CONOR.SHEARY","F","20162017","PIT",11,10.32,1,0,0,1,4,4,5,0.55,25,25,13.75,2,0,2,0,0,0,0,0,0,0,0,0
"CONOR.SHEARY","F","20182019","BUF",15,19.38,1,0,0,1,2,2,3,0.16,50,50,8,0,0,2,1,1,0,0,0,0,0,0,0
"COREY.PERRY","F","20162017","ANA",8,6.43,0,0,0,0,1,1,1,0.22,0,0,22,0,0,0,1,0,0,0,0,0,0,0,0
"CRAIG.SMITH","F","20162017","NSH",8,6.52,0,0,0,0,0,1,3,0.05,0,0,5,0,0,1,0,0,1,0,0,0,1,0,1
"CRAIG.SMITH","F","20172018","NSH",17,19.25,0,0,0,0,9,11,12,0.87,0,0,7.91,2,0,1,0,1,0,0,0,0,0,0,0
"CRAIG.SMITH","F","20182019","NSH",7,5.85,0,0,0,0,2,3,3,0.43,0,0,14.33,1,1,1,0,0,0,0,0,0,0,0,0
"DAMON.SEVERSON","D","20162017","N.J",16,17.8,0,0,0,0,3,3,3,0.16,0,0,5.33,1,0,2,2,1,1,0,0,0,0,0,0
"DAMON.SEVERSON","D","20182019","N.J",15,23.37,0,0,0,0,0,1,2,0.02,0,0,2,4,2,0,0,1,0,0,0,0,0,0,0
"DANIEL.SEDIN","F","20162017","VAN",19,20.27,0,2,0,2,3,4,5,0.24,0,0,6,1,0,0,1,0,0,0,0,0,0,0,0
"DANIEL.SEDIN","F","20172018","VAN",9,11.67,0,0,0,0,3,5,8,0.46,0,0,9.2,0,0,0,3,0,1,0,0,0,0,0,0
"DANNY.DEKEYSER","D","20162017","DET",19,21.6,1,1,0,2,2,2,2,0.14,50,50,7,2,2,1,0,0,0,0,0,0,0,0,0
"DANNY.DEKEYSER","D","20172018","DET",14,14.05,0,0,0,0,1,1,1,0.1,0,0,10,2,0,0,0,0,0,0,0,0,0,0,0
"DANNY.DEKEYSER","D","20182019","DET",15,19.5,1,1,0,2,2,2,3,0.36,50,50,18,2,1,1,0,0,1,0,0,0,0,0,0
"DANTON.HEINEN","F","20172018","BOS",6,7.38,0,0,0,0,1,2,3,0.3,0,0,15,0,0,0,0,2,0,0,0,0,0,1,-1
"DARNELL.NURSE","D","20172018","EDM",15,17.13,1,0,0,1,5,6,6,0.49,20,16.67,8.17,3,2,0,1,0,0,1,0,0,0,0,0
"DARNELL.NURSE","D","20182019","EDM",15,18.83,1,0,1,2,7,8,9,0.86,14.29,12.5,10.75,2,1,0,2,1,0,1,0,0,0,0,0
"DARREN.HELM","F","20162017","DET",8,7,0,0,0,0,1,2,2,0.14,0,0,7,0,0,1,0,0,0,0,0,0,1,1,0
"DARREN.HELM","F","20172018","DET",8,7.75,0,0,0,0,3,3,3,0.34,0,0,11.33,0,0,0,0,0,0,0,0,0,0,1,-1
"DAVID.KREJCI","F","20162017","BOS",13,14.87,0,2,0,2,2,3,5,0.33,0,0,11,0,0,0,0,0,1,0,0,0,8,3,5
"DAVID.KREJCI","F","20172018","BOS",11,11.55,0,0,0,0,0,0,0,0,0,0,0,0,0,0,1,0,0,0,0,0,5,5,0
"DAVID.KREJCI","F","20182019","BOS",18,18.77,1,2,0,3,3,5,5,0.47,33.33,20,9.4,1,1,3,0,3,1,0,0,0,8,6,2
"DAVID.PASTRNAK","F","20162017","BOS",12,13.28,2,0,0,2,9,9,9,1.15,22.22,22.22,12.78,0,0,1,0,0,0,0,0,0,0,0,0
"DAVID.PASTRNAK","F","20172018","BOS",16,22.6,0,0,0,0,3,4,7,0.85,0,0,21.25,1,0,2,2,2,0,0,0,0,1,2,-1
"DAVID.PASTRNAK","F","20182019","BOS",11,8.72,0,0,1,1,1,1,1,0.31,0,0,31,1,0,0,0,0,0,1,0,0,0,0,0
"DAVID.PERRON","F","20162017","STL",9,7.53,1,0,0,1,2,2,2,0.28,50,50,14,0,0,1,0,0,0,0,0,0,1,1,0
"DAVID.PERRON","F","20172018","VGK",12,15.33,3,1,0,4,8,8,11,0.59,37.5,37.5,7.38,0,1,1,0,0,0,0,0,0,4,7,-3
"DAVID.PERRON","F","20182019","STL",8,7.47,0,0,0,0,3,4,5,0.21,0,0,5.25,0,0,0,0,2,0,0,0,0,0,0,0
"DENIS.MALGIN","F","20162017","FLA",8,7.97,0,0,0,0,1,2,3,0.04,0,0,2,0,1,0,1,0,0,0,0,0,1,0,1
"DENNIS.CHOLOWSKI","D","20182019","DET",12,11.72,0,0,0,0,2,2,2,0.08,0,0,4,2,0,2,0,0,0,0,0,0,0,0,0
"DEREK.RYAN","F","20172018","CAR",8,6.8,0,0,0,0,0,0,0,0,0,0,0,0,0,1,0,0,0,0,0,0,4,2,2
"DEREK.STEPAN","F","20162017","NYR",13,15.23,0,1,0,1,2,4,6,0.24,0,0,6,0,0,0,0,1,0,0,0,0,10,8,2
"DEREK.STEPAN","F","20172018","ARI",20,20.28,0,0,2,2,8,10,12,0.79,0,0,7.9,1,0,0,0,2,0,0,0,0,14,9,5
"DEREK.STEPAN","F","20182019","ARI",15,18.55,1,0,0,1,3,3,3,0.21,33.33,33.33,7,0,1,0,1,1,0,0,0,0,8,12,-4
"DERICK.BRASSARD","F","20162017","OTT",15,20.15,0,0,0,0,5,7,8,0.33,0,0,4.71,0,0,0,0,2,0,0,0,0,7,3,4
"DERICK.BRASSARD","F","20172018","OTT",11,16.5,0,1,0,1,3,3,4,0.25,0,0,8.33,0,0,0,0,0,0,0,0,0,3,6,-3
"DERRICK.POULIOT","D","20182019","VAN",3,5.67,0,0,0,0,0,0,0,0,0,0,0,0,0,0,0,0,0,0,0,0,0,0,0
"DEVIN.SHORE","F","20172018","DAL",8,7.9,0,0,0,0,2,3,3,0.22,0,0,7.33,1,0,0,1,0,0,0,0,0,0,1,-1
"DEVON.TOEWS","D","20182019","NYI",6,7.28,1,0,0,1,2,2,2,0.95,50,50,47.5,0,0,0,1,0,0,0,0,0,0,0,0
"DION.PHANEUF","D","20162017","OTT",12,11.8,0,0,0,0,2,2,2,0.09,0,0,4.5,2,0,0,0,0,0,0,0,0,0,0,0
"DMITRY.KULIKOV","D","20162017","BUF",8,8.93,0,0,0,0,1,2,3,0.08,0,0,4,0,0,0,0,1,0,0,0,0,0,0,0
"DMITRY.ORLOV","D","20162017","WSH",10,9.83,0,2,0,2,0,0,1,0,0,0,0,1,1,1,0,0,0,0,0,0,0,0,0
"DMITRY.ORLOV","D","20172018","WSH",17,16.88,0,0,0,0,1,2,2,0.04,0,0,2,2,2,0,0,0,0,0,0,0,0,0,0
"DMITRY.ORLOV","D","20182019","WSH",12,18.93,0,0,1,1,0,1,2,0.12,0,0,12,2,1,0,2,1,0,0,0,0,0,0,0
"DOUGIE.HAMILTON","D","20162017","CGY",7,5.68,1,0,0,1,1,1,1,0.15,100,100,15,1,0,0,0,0,1,0,0,0,0,0,0
"DOUGIE.HAMILTON","D","20182019","CAR",8,5.9,0,0,0,0,1,3,4,0.32,0,0,10.67,0,1,1,1,0,0,0,0,0,0,0,0
"DREW.DOUGHTY","D","20162017","L.A",20,22.55,1,0,2,3,3,4,7,0.34,33.33,25,8.5,1,2,0,1,0,0,0,0,0,0,0,0
"DREW.DOUGHTY","D","20172018","L.A",19,28.47,1,2,0,3,6,8,8,0.68,16.67,12.5,8.5,0,1,1,1,1,1,1,0,0,0,0,0
"DREW.DOUGHTY","D","20182019","L.A",16,24.2,0,0,0,0,1,2,2,0.06,0,0,3,1,1,0,0,1,1,0,0,0,0,0,0
"DUNCAN.KEITH","D","20162017","CHI",15,18.13,0,1,2,3,1,1,1,0.03,0,0,3,3,0,1,2,0,0,0,0,0,0,0,0
"DUNCAN.KEITH","D","20172018","CHI",17,21.5,0,1,2,3,5,5,5,0.47,0,0,9.4,0,0,0,0,0,1,0,0,0,0,0,0
"DUNCAN.KEITH","D","20182019","CHI",20,21.18,1,0,0,1,3,4,7,0.22,33.33,25,5.5,4,1,0,1,0,0,0,0,0,0,0,0
"DUSTIN.BROWN","F","20172018","L.A",17,18.33,2,1,1,4,3,3,3,0.17,66.67,66.67,5.67,0,6,0,0,0,0,1,0,0,0,0,0
"DUSTIN.BROWN","F","20182019","L.A",14,17.23,2,0,0,2,3,4,6,1.26,66.67,50,31.5,0,3,0,0,0,0,0,0,0,0,0,0
"DUSTIN.BYFUGLIEN","D","20162017","WPG",14,20.37,0,2,1,3,4,6,7,0.67,0,0,11.17,1,2,0,1,0,1,0,0,0,0,0,0
"DUSTIN.BYFUGLIEN","D","20172018","WPG",14,19.68,0,1,0,1,4,7,8,0.46,0,0,6.57,0,2,0,0,2,0,0,0,0,0,0,0
"DYLAN.LARKIN","F","20162017","DET",21,19.4,0,0,0,0,5,8,8,0.4,0,0,5,0,1,0,1,1,0,0,0,0,1,4,-3
"DYLAN.LARKIN","F","20172018","DET",19,17.18,0,2,0,2,5,5,5,0.72,0,0,14.4,0,0,2,0,1,1,1,0,0,10,9,1
"DYLAN.LARKIN","F","20182019","DET",21,31,3,2,0,5,11,15,16,1.65,27.27,20,11,0,0,1,0,4,2,0,0,0,13,13,0
"DYLAN.STROME","F","20182019","CHI",8,8.22,0,1,0,1,2,2,2,0.18,0,0,9,0,1,0,0,0,0,0,0,0,0,2,-2
"ELIAS.LINDHOLM","F","20162017","CAR",16,17.2,0,1,0,1,1,2,2,0.16,0,0,8,0,1,1,0,1,0,0,0,0,7,2,5
"ELIAS.LINDHOLM","F","20172018","CAR",15,17.3,1,2,0,3,5,7,9,0.71,20,14.29,10.14,1,1,0,0,3,0,0,0,0,4,1,3
"ELIAS.PETTERSSON","F","20182019","VAN",18,23.92,1,0,0,1,7,9,11,0.71,14.29,11.11,7.89,1,2,4,0,2,0,2,0,0,1,3,-2
"ERIC.STAAL","F","20162017","MIN",12,12.63,0,0,0,0,1,4,5,0.37,0,0,9.25,0,0,1,0,0,0,0,0,0,5,4,1
"ERIC.STAAL","F","20172018","MIN",15,18.03,0,0,0,0,4,4,6,0.5,0,0,12.5,0,1,1,2,0,0,0,0,0,8,7,1
"ERIC.STAAL","F","20182019","MIN",11,11.2,0,0,0,0,0,1,2,0.2,0,0,20,1,1,0,0,0,0,0,0,0,6,2,4
"ERIK.GUSTAFSSON","D","20182019","CHI",18,25.63,1,2,0,3,1,1,1,0.03,100,100,3,4,0,0,0,1,0,0,0,0,0,0,0
"ERIK.HAULA","F","20162017","MIN",9,8.87,0,0,1,1,2,4,4,0.17,0,0,4.25,1,0,0,0,1,0,0,0,0,1,3,-2
"ERIK.HAULA","F","20172018","VGK",12,13.67,0,0,0,0,6,9,10,0.61,0,0,6.78,0,1,1,1,1,0,0,0,0,2,4,-2
"ERIK.JOHNSON","D","20162017","COL",7,7.45,1,1,1,3,2,3,3,0.18,50,33.33,6,1,0,0,0,1,0,0,0,0,0,0,0
"ERIK.JOHNSON","D","20172018","COL",9,13.62,1,0,0,1,5,7,7,0.7,20,14.29,10,1,0,0,0,0,0,0,0,0,0,0,0
"ERIK.JOHNSON","D","20182019","COL",11,13.98,0,0,0,0,5,5,5,0.16,0,0,3.2,1,0,0,0,0,0,0,0,0,0,0,0
"ERIK.KARLSSON","D","20162017","OTT",19,34.13,1,1,1,3,6,7,10,0.63,16.67,14.29,9,1,0,0,1,1,0,0,0,0,0,0,0
"ERIK.KARLSSON","D","20172018","OTT",15,24.97,1,1,2,4,4,7,9,0.44,25,14.29,6.29,1,0,3,1,1,0,0,0,0,0,0,0
"ERIK.KARLSSON","D","20182019","S.J",8,10.13,0,0,1,1,1,1,2,0.05,0,0,5,1,1,0,1,1,0,0,0,0,0,0,0
"ESA.LINDELL","D","20162017","DAL",9,6.65,1,0,0,1,1,1,1,0.16,100,100,16,1,0,0,0,0,0,0,0,0,0,0,0
"ESA.LINDELL","D","20172018","DAL",12,11.77,0,0,0,0,2,3,4,0.15,0,0,5,1,0,0,0,0,0,0,0,0,0,0,0
"ESA.LINDELL","D","20182019","DAL",9,7.7,0,0,0,0,2,3,3,0.2,0,0,6.67,0,0,0,0,0,0,0,0,0,0,0,0
"EVANDER.KANE","F","20162017","BUF",16,19.57,1,0,1,2,1,2,2,0.19,100,50,9.5,0,0,0,0,0,0,0,0,0,2,3,-1
"EVANDER.KANE","F","20172018","BUF",14,18.47,0,0,0,0,6,9,10,1.07,0,0,11.89,0,1,1,2,1,0,0,0,0,1,5,-4
"EVANDER.KANE","F","20182019","S.J",9,8.43,0,0,0,0,1,2,2,0.12,0,0,6,0,0,1,0,1,0,0,0,0,0,0,0
"EVAN.RODRIGUES","F","20172018","BUF",7,5.6,0,0,0,0,1,1,2,0.15,0,0,15,0,0,0,0,0,0,0,0,0,0,2,-2
"EVAN.RODRIGUES","F","20182019","BUF",10,11.52,0,0,0,0,3,3,4,0.4,0,0,13.33,0,0,1,0,0,1,1,0,0,7,2,5
"EVGENI.MALKIN","F","20162017","PIT",14,14.7,0,2,0,2,2,2,3,0.32,0,0,16,0,1,2,1,2,0,0,0,0,3,8,-5
"EVGENI.MALKIN","F","20172018","PIT",17,17.12,2,1,1,4,4,5,6,0.74,50,40,14.8,0,0,1,2,1,1,0,0,0,4,6,-2
"EVGENI.MALKIN","F","20182019","PIT",12,14.15,0,0,0,0,3,4,5,0.44,0,0,11,0,1,0,1,3,0,0,0,0,2,4,-2
"EVGENY.DADONOV","F","20172018","FLA",9,13.05,0,0,0,0,2,4,6,0.43,0,0,10.75,0,0,1,0,2,0,0,0,0,0,0,0
"EVGENY.DADONOV","F","20182019","FLA",17,17.62,0,0,0,0,5,6,6,0.61,0,0,10.17,0,1,0,2,0,0,0,0,0,0,0,0
"EVGENY.KUZNETSOV","F","20162017","WSH",19,20.65,0,1,2,3,4,5,6,0.48,0,0,9.6,0,1,0,1,0,0,0,0,0,8,9,-1
"EVGENY.KUZNETSOV","F","20172018","WSH",17,20.05,2,0,1,3,3,6,7,0.54,66.67,33.33,9,1,1,0,1,1,1,1,0,0,3,10,-7
"EVGENY.KUZNETSOV","F","20182019","WSH",12,17.8,2,1,0,3,9,9,12,0.85,22.22,22.22,9.44,1,0,1,0,0,1,0,0,0,7,7,0
"FILIP.CHYTIL","F","20182019","NYR",6,7.12,0,0,0,0,1,1,2,0.12,0,0,12,0,0,0,1,0,0,0,0,0,0,0,0
"FILIP.FORSBERG","F","20162017","NSH",18,16.6,1,0,0,1,6,8,9,0.91,16.67,12.5,11.38,1,0,0,1,2,0,0,0,0,0,0,0
"FILIP.FORSBERG","F","20172018","NSH",15,17.7,1,0,0,1,9,9,9,0.87,11.11,11.11,9.67,0,1,1,1,1,0,1,0,0,0,0,0
"FILIP.HRONEK","D","20182019","DET",7,8.95,0,0,0,0,2,3,4,0.19,0,0,6.33,0,0,1,0,0,0,0,0,0,0,0,0
"FRANS.NIELSEN","F","20162017","DET",22,19.42,0,0,0,0,4,7,10,0.52,0,0,7.43,2,0,1,0,1,0,0,0,0,14,5,9
"FRANS.NIELSEN","F","20172018","DET",8,7.77,0,1,0,1,0,0,0,0,0,0,0,1,1,0,0,2,1,0,0,0,3,6,-3
"FRANS.NIELSEN","F","20182019","DET",15,20.28,0,1,0,1,5,5,5,0.39,0,0,7.8,1,0,0,1,0,0,0,0,0,7,9,-2
"GABRIEL.LANDESKOG","F","20162017","COL",7,5.45,1,0,0,1,2,2,2,0.25,50,50,12.5,0,0,0,0,1,0,1,0,0,2,0,2
"GABRIEL.LANDESKOG","F","20172018","COL",15,15.18,0,1,1,2,3,4,7,0.71,0,0,17.75,1,1,0,0,0,0,0,0,0,1,3,-2
"GABRIEL.LANDESKOG","F","20182019","COL",13,16.72,0,0,0,0,2,4,4,0.2,0,0,5,0,0,0,0,2,0,0,0,0,8,3,5
"GUSTAV.FORSLING","D","20172018","CHI",6,5.12,1,0,1,2,3,3,3,0.17,33.33,33.33,5.67,0,1,0,0,0,1,0,0,0,0,0,0
"GUSTAV.NYQUIST","F","20162017","DET",17,17.27,0,2,0,2,2,4,6,0.6,0,0,15,1,1,1,0,0,0,0,0,0,0,0,0
"GUSTAV.NYQUIST","F","20172018","DET",13,13.22,0,0,0,0,2,3,3,0.3,0,0,10,0,1,2,0,1,0,0,0,0,0,0,0
"GUSTAV.NYQUIST","F","20182019","DET",15,20.1,1,2,0,3,5,5,6,0.67,20,20,13.4,0,0,1,2,0,0,0,0,0,2,1,1
"HAMPUS.LINDHOLM","D","20162017","ANA",13,15.63,0,0,0,0,0,1,3,0.07,0,0,7,1,0,1,1,0,0,0,0,0,0,0,0
"HAMPUS.LINDHOLM","D","20172018","ANA",16,19.3,2,0,0,2,3,3,4,0.39,66.67,66.67,13,1,2,1,1,1,0,0,0,0,0,0,0
"HAMPUS.LINDHOLM","D","20182019","ANA",9,8.8,0,1,0,1,4,4,4,0.32,0,0,8,2,0,0,0,1,0,0,0,0,0,0,0
"HENRIK.SEDIN","F","20162017","VAN",15,16.37,2,0,0,2,5,6,7,0.85,40,33.33,14.17,0,0,0,1,0,0,0,0,0,3,10,-7
"HENRIK.SEDIN","F","20172018","VAN",9,12.88,0,0,0,0,0,2,2,0.18,0,0,9,1,0,0,1,0,0,0,0,0,3,3,0
"HENRIK.ZETTERBERG","F","20162017","DET",25,29.23,0,0,1,1,4,4,6,0.24,0,0,6,1,0,1,0,1,0,0,0,0,13,9,4
"HENRIK.ZETTERBERG","F","20172018","DET",14,14.15,0,0,0,0,2,4,4,0.45,0,0,11.25,1,0,0,0,1,0,0,0,0,7,3,4
"ILYA.KOVALCHUK","F","20182019","L.A",7,7.32,1,0,0,1,2,2,2,0.41,50,50,20.5,0,0,1,2,0,1,0,0,0,0,0,0
"IVAN.PROVOROV","D","20162017","PHI",15,16.63,0,1,1,2,4,8,10,1.02,0,0,12.75,1,0,1,1,0,0,0,0,0,0,0,0
"IVAN.PROVOROV","D","20172018","PHI",23,28.48,0,1,1,2,5,7,9,0.54,0,0,7.71,4,1,0,1,0,0,0,0,0,0,0,0
"IVAN.PROVOROV","D","20182019","PHI",15,18.22,0,0,0,0,2,3,4,0.31,0,0,10.33,2,2,2,0,0,0,0,0,0,0,0,0
"JACCOB.SLAVIN","D","20162017","CAR",21,20.68,0,0,0,0,2,4,4,0.28,0,0,7,1,1,0,3,3,0,1,0,0,0,0,0
"JACCOB.SLAVIN","D","20172018","CAR",16,22.55,1,0,0,1,5,5,5,0.67,20,20,13.4,2,0,1,0,5,0,0,0,0,0,0,0
"JACCOB.SLAVIN","D","20182019","CAR",13,14.57,0,0,0,0,0,0,0,0,0,0,0,0,0,1,0,1,0,1,0,0,0,0,0
"JACK.EICHEL","F","20162017","BUF",11,13.53,1,1,0,2,4,8,10,0.34,25,12.5,4.25,0,0,0,0,2,0,0,0,0,5,4,1
"JACK.EICHEL","F","20172018","BUF",11,16.15,0,0,0,0,4,4,5,0.35,0,0,8.75,3,0,1,1,0,0,1,0,0,2,8,-6
"JACK.EICHEL","F","20182019","BUF",21,31.18,2,0,0,2,11,15,18,1.56,18.18,13.33,10.4,3,2,1,0,1,0,1,0,0,13,17,-4
"JACK.JOHNSON","D","20162017","CBJ",9,7.02,0,0,0,0,3,3,3,0.26,0,0,8.67,0,0,0,0,0,0,0,0,0,0,0,0
"JACK.JOHNSON","D","20172018","CBJ",9,7.42,0,0,0,0,3,3,3,0.39,0,0,13,1,0,0,0,1,0,0,0,0,0,0,0
"JACK.JOHNSON","D","20182019","PIT",8,5.6,0,1,0,1,2,2,2,0.18,0,0,9,0,0,0,0,0,0,0,0,0,0,0,0
"JACOB.TROUBA","D","20162017","WPG",6,6.22,0,0,0,0,1,3,3,0.25,0,0,8.33,1,1,0,0,1,0,0,0,0,0,0,0
"JACOB.TROUBA","D","20172018","WPG",7,7.75,0,0,0,0,0,0,0,0,0,0,0,1,2,1,0,0,0,0,0,0,0,0,0
"JACOB.TROUBA","D","20182019","WPG",8,10.87,1,1,0,2,4,4,5,0.4,25,25,10,2,1,0,0,0,0,0,0,0,0,0,0
"JADEN.SCHWARTZ","F","20162017","STL",11,13.28,1,2,0,3,2,4,5,0.31,50,25,7.75,1,0,0,0,1,0,0,0,0,2,3,-1
"JADEN.SCHWARTZ","F","20172018","STL",12,11.67,1,1,1,3,4,6,6,0.46,25,16.67,7.67,1,0,1,0,0,1,0,0,0,0,0,0
"JADEN.SCHWARTZ","F","20182019","STL",12,15.78,0,0,0,0,4,6,7,0.75,0,0,12.5,0,0,0,0,0,0,0,0,0,0,0,0
"JAKE.DEBRUSK","F","20172018","BOS",7,7.08,0,0,0,0,3,5,5,0.69,0,0,13.8,0,1,1,0,1,0,0,0,0,0,0,0
"JAKE.DEBRUSK","F","20182019","BOS",13,11.17,0,1,1,2,1,2,2,0.16,0,0,8,0,1,2,0,2,0,0,0,0,1,0,1
"JAKE.DOTCHIN","D","20162017","T.B",7,6,0,0,0,0,2,3,3,0.25,0,0,8.33,0,1,0,0,0,0,0,0,0,0,0,0
"JAKE.GARDINER","D","20162017","TOR",18,21.33,2,1,1,4,4,6,7,0.53,50,33.33,8.83,3,1,1,1,1,0,0,0,0,0,0,0
"JAKE.GARDINER","D","20172018","TOR",19,21.42,0,1,0,1,3,5,7,0.59,0,0,11.8,2,1,0,1,1,1,0,0,0,0,0,0
"JAKE.GARDINER","D","20182019","TOR",8,6.9,0,0,2,2,0,2,2,0.16,0,0,8,0,0,0,0,0,0,0,0,0,0,0,0
"JAKE.GUENTZEL","F","20172018","PIT",10,9.32,0,0,0,0,0,1,1,0.05,0,0,5,0,0,2,0,0,1,0,0,0,0,0,0
"JAKE.GUENTZEL","F","20182019","PIT",17,17.77,1,0,0,1,6,9,10,1.16,16.67,11.11,12.89,0,0,3,0,0,0,0,0,0,0,0,0
"JAKE.MCCABE","D","20162017","BUF",11,9.28,0,0,0,0,0,0,0,0,0,0,0,1,2,0,0,0,0,0,0,0,0,0,0
"JAKE.MUZZIN","D","20172018","L.A",10,6.58,0,1,0,1,0,0,2,0,0,0,0,0,0,0,0,0,0,0,0,0,0,0,0
"JAKE.VIRTANEN","F","20182019","VAN",13,15.67,0,0,0,0,7,7,8,0.44,0,0,6.29,0,0,0,0,1,0,0,0,0,0,0,0
"JAKOB.CHYCHRUN","D","20172018","ARI",9,8.65,0,1,0,1,2,4,4,0.24,0,0,6,1,1,1,1,2,0,0,0,0,0,0,0
"JAKOB.CHYCHRUN","D","20182019","ARI",9,8.8,0,1,0,1,2,3,3,0.35,0,0,11.67,2,0,0,0,0,0,0,0,0,0,0,0
"JAKOB.SILFVERBERG","F","20162017","ANA",15,17.32,0,0,0,0,7,7,8,0.88,0,0,12.57,0,0,1,0,0,0,0,0,0,0,0,0
"JAKOB.SILFVERBERG","F","20172018","ANA",17,24,0,0,0,0,5,5,6,0.56,0,0,11.2,2,0,1,0,1,0,0,0,0,1,0,1
"JAKOB.SILFVERBERG","F","20182019","ANA",10,10.12,1,0,1,2,5,6,6,0.45,20,16.67,7.5,0,1,1,0,0,1,0,0,0,1,0,1
"JAKUB.JERABEK","D","20172018","MTL",4,6.03,0,0,0,0,2,2,2,0.31,0,0,15.5,0,0,2,0,0,0,0,0,0,0,0,0
"JAKUB.VORACEK","F","20162017","PHI",24,36.37,2,1,1,4,9,14,22,1.67,22.22,14.29,11.93,0,0,1,1,2,0,1,0,0,0,0,0
"JAKUB.VORACEK","F","20172018","PHI",20,27.53,1,1,0,2,6,10,11,1.24,16.67,10,12.4,0,1,2,1,1,0,0,0,0,0,0,0
"JAKUB.VORACEK","F","20182019","PHI",15,14.63,0,1,0,1,4,7,7,0.78,0,0,11.14,1,0,0,0,1,0,0,0,0,0,0,0
"JAMES.NEAL","F","20162017","NSH",11,15.08,0,0,0,0,1,3,5,0.31,0,0,10.33,1,0,0,0,1,0,0,0,0,0,0,0
"JAMES.NEAL","F","20172018","VGK",14,14.12,1,1,2,4,9,11,11,1.2,11.11,9.09,10.91,0,0,1,1,0,0,0,0,0,0,1,-1
"JAMES.VAN RIEMSDYK","F","20162017","TOR",14,9.65,0,0,0,0,4,5,5,0.66,0,0,13.2,0,1,1,0,0,1,0,0,0,0,0,0
"JAMES.VAN RIEMSDYK","F","20172018","TOR",9,7.18,0,0,0,0,1,1,1,0.27,0,0,27,2,0,1,0,0,0,0,0,0,0,0,0
"JAMES.VAN RIEMSDYK","F","20182019","PHI",6,7.05,0,1,0,1,1,1,3,0.31,0,0,31,0,0,1,0,2,0,0,0,0,0,0,0
"JAMIE.BENN","F","20162017","DAL",14,15.7,2,1,0,3,7,8,8,0.65,28.57,25,8.12,1,1,1,1,2,0,0,0,0,1,1,0
"JAMIE.BENN","F","20172018","DAL",15,15.92,1,0,0,1,8,8,9,0.72,12.5,12.5,9,0,1,0,2,1,1,0,0,0,5,2,3
"JAMIE.BENN","F","20182019","DAL",10,10.02,0,1,0,1,2,2,3,0.1,0,0,5,0,0,0,0,1,1,0,0,0,0,0,0
"JAN.RUTTA","D","20172018","CHI",7,7.3,0,0,0,0,1,1,2,0.1,0,0,10,0,0,0,0,0,0,0,0,0,0,0,0
"JARED.MCCANN","F","20172018","FLA",8,7.17,1,0,0,1,1,2,2,0.24,100,50,12,0,0,0,0,0,0,0,0,0,0,2,-2
"JARED.MCCANN","F","20182019","FLA",8,6.15,0,0,0,0,0,0,1,0,0,0,0,0,0,0,0,1,0,0,0,0,1,3,-2
"JARED.SPURGEON","D","20162017","MIN",11,10,1,1,0,2,1,1,1,0.13,100,100,13,0,0,0,0,0,0,0,0,0,0,0,0
"JARED.SPURGEON","D","20172018","MIN",8,12.25,1,0,0,1,3,3,4,0.13,33.33,33.33,4.33,2,0,0,0,1,0,0,0,0,0,1,-1
"JARED.SPURGEON","D","20182019","MIN",11,14.38,0,0,0,0,3,4,4,0.35,0,0,8.75,2,0,0,0,1,0,0,0,0,0,0,0
"JASON.DEMERS","D","20172018","ARI",8,7.58,0,0,1,1,0,0,1,0,0,0,0,2,0,0,0,1,0,0,0,0,0,0,0
"JASON.DICKINSON","F","20182019","DAL",7,5.32,2,0,0,2,3,3,4,1.04,66.67,66.67,34.67,0,0,0,0,0,0,0,0,0,0,3,-3
"JASON.SPEZZA","F","20162017","DAL",8,5.6,0,1,0,1,3,3,3,0.02,0,0,0.67,0,0,0,1,0,0,0,0,0,1,1,0
"JASON.ZUCKER","F","20162017","MIN",8,6.2,0,0,0,0,2,3,3,0.26,0,0,8.67,0,0,0,0,0,0,0,0,0,0,0,0
"JASON.ZUCKER","F","20172018","MIN",15,12.43,0,1,1,2,3,3,5,0.2,0,0,6.67,0,0,0,1,2,0,0,0,0,0,0,0
"JASON.ZUCKER","F","20182019","MIN",9,8.67,1,0,0,1,4,5,5,0.77,25,20,15.4,0,0,0,2,0,0,0,0,0,0,0,0
"JEAN-GABRIEL.PAGEAU","F","20162017","OTT",15,17.13,0,0,0,0,2,2,2,0.24,0,0,12,0,1,1,0,0,0,0,0,0,8,5,3
"JEAN-GABRIEL.PAGEAU","F","20172018","OTT",14,11.2,0,0,0,0,0,1,1,0.09,0,0,9,0,0,0,0,0,0,1,0,0,2,4,-2
"JEFF.CARTER","F","20162017","L.A",20,26.07,3,2,0,5,7,10,14,1.64,42.86,30,16.4,0,1,0,2,1,1,0,0,0,6,6,0
"JEFF.CARTER","F","20172018","L.A",6,6.4,1,0,0,1,3,5,7,0.43,33.33,20,8.6,0,0,1,0,0,0,2,0,0,1,1,0
"JEFF.CARTER","F","20182019","L.A",12,12.2,0,0,0,0,1,2,5,0.18,0,0,9,1,0,0,0,1,0,0,0,0,6,5,1
"JEFF.PETRY","D","20162017","MTL",23,21.6,0,1,0,1,3,3,4,0.19,0,0,6.33,2,1,0,3,0,0,0,0,0,0,0,0
"JEFF.PETRY","D","20172018","MTL",18,17.58,0,0,0,0,3,3,3,0.39,0,0,13,2,0,0,0,0,0,0,0,0,0,0,0
"JEFF.PETRY","D","20182019","MTL",15,15.75,2,0,0,2,3,5,5,0.27,66.67,40,5.4,1,0,0,0,0,0,0,0,0,0,0,0
"JEFF.SKINNER","F","20162017","CAR",12,11.5,0,1,0,1,3,5,5,0.44,0,0,8.8,1,0,1,0,0,0,0,0,0,0,2,-2
"JEFF.SKINNER","F","20172018","CAR",11,13.92,0,0,0,0,3,5,9,0.49,0,0,9.8,1,0,1,1,2,0,1,0,0,0,1,-1
"JEFF.SKINNER","F","20182019","BUF",14,9.98,1,0,0,1,3,3,3,0.21,33.33,33.33,7,0,0,0,0,0,0,1,0,0,0,1,-1
"JESPER.BRATT","F","20172018","N.J",11,10.7,0,0,0,0,2,2,2,0.26,0,0,13,0,0,0,0,0,0,0,0,0,0,0,0
"JESPER.BRATT","F","20182019","N.J",9,12.73,0,0,0,0,1,2,2,0.18,0,0,9,1,0,1,0,1,0,0,0,0,0,0,0
"JIMMY.VESEY","F","20182019","NYR",11,9.13,0,0,0,0,3,4,5,0.36,0,0,9,0,0,0,0,0,0,0,0,0,0,0,0
"JOAKIM.NORDSTROM","F","20182019","BOS",8,5.1,1,0,0,1,1,1,1,0.09,100,100,9,0,1,0,0,0,0,0,0,0,0,1,-1
"JOE.PAVELSKI","F","20162017","S.J",13,10.08,0,2,0,2,1,2,3,0.26,0,0,13,0,1,0,0,1,0,0,0,0,3,2,1
"JOE.PAVELSKI","F","20172018","S.J",18,20.98,0,2,0,2,4,5,6,0.51,0,0,10.2,1,2,1,1,0,0,0,0,0,8,8,0
"JOE.PAVELSKI","F","20182019","S.J",11,11.35,0,0,0,0,1,1,2,0.02,0,0,2,3,0,0,1,0,0,0,0,0,6,2,4
"JOE.THORNTON","F","20162017","S.J",13,8.85,0,0,1,1,1,2,2,0.33,0,0,16.5,1,0,0,0,1,0,0,0,0,2,5,-3
"JOE.THORNTON","F","20172018","S.J",11,13.33,0,0,2,2,0,2,2,0.22,0,0,11,2,0,1,1,0,0,0,0,0,3,3,0
"JOE.THORNTON","F","20182019","S.J",6,5.15,0,0,0,0,0,0,0,0,0,0,0,0,0,0,0,1,0,0,0,0,1,3,-2
"JOHAN.LARSSON","F","20162017","BUF",8,10.07,0,0,0,0,1,1,2,0.03,0,0,3,1,0,0,0,1,0,0,0,0,5,2,3
"JOHAN.LARSSON","F","20172018","BUF",4,5.23,0,1,0,1,0,0,0,0,0,0,0,1,1,1,0,0,0,0,0,0,0,0,0
"JOHN.CARLSON","D","20162017","WSH",17,18.38,0,1,0,1,2,2,2,0.24,0,0,12,0,0,0,1,0,0,0,0,0,0,0,0
"JOHN.CARLSON","D","20172018","WSH",14,14.98,1,2,0,3,2,3,3,0.14,50,33.33,4.67,2,0,2,0,2,0,0,0,0,0,1,-1
"JOHN.CARLSON","D","20182019","WSH",14,19.85,0,0,0,0,0,1,5,0.02,0,0,2,0,1,0,1,1,0,0,0,0,0,0,0
"JOHN.KLINGBERG","D","20162017","DAL",15,18.48,0,0,0,0,3,4,5,0.07,0,0,1.75,1,0,0,3,1,0,0,0,0,0,0,0
"JOHN.KLINGBERG","D","20172018","DAL",17,29.07,0,0,2,2,3,4,4,0.41,0,0,10.25,1,0,1,3,1,0,0,0,0,0,0,0
"JOHN.KLINGBERG","D","20182019","DAL",8,11.23,0,1,1,2,1,4,4,0.3,0,0,7.5,0,0,0,1,0,0,0,0,0,0,0,0
"JOHN.MOORE","D","20162017","N.J",13,15.47,1,0,0,1,5,6,9,0.7,20,16.67,11.67,0,0,2,0,0,0,0,0,0,0,0,0
"JOHN.MOORE","D","20172018","N.J",17,23.88,2,0,0,2,4,5,5,0.65,50,40,13,2,0,0,0,0,0,0,0,0,0,0,0
"JOHN.MOORE","D","20182019","BOS",9,10.98,0,0,0,0,1,1,1,0.1,0,0,10,1,0,1,0,0,0,0,0,0,0,0,0
"JOHNNY.GAUDREAU","F","20162017","CGY",13,18.33,1,2,1,4,7,8,10,0.83,14.29,12.5,10.38,0,0,0,0,1,0,0,0,0,0,0,0
"JOHNNY.GAUDREAU","F","20172018","CGY",17,28.55,0,2,1,3,11,16,16,1.98,0,0,12.38,2,0,0,0,2,1,0,0,0,0,0,0
"JOHNNY.GAUDREAU","F","20182019","CGY",11,14.38,3,0,0,3,6,7,8,1.05,50,42.86,15,0,0,0,0,0,0,0,0,0,0,0,0
"JOHN.TAVARES","F","20162017","NYI",19,24.15,1,1,0,2,12,13,14,1.59,8.33,7.69,12.23,0,1,1,1,1,1,0,0,0,11,16,-5
"JOHN.TAVARES","F","20172018","NYI",20,28.95,2,1,2,5,12,16,19,1.72,16.67,12.5,10.75,0,0,2,3,0,1,0,0,0,20,12,8
"JOHN.TAVARES","F","20182019","TOR",13,14.48,1,0,0,1,4,6,6,1.14,25,16.67,19,0,0,0,1,2,0,0,0,0,9,6,3
"JONAS.BRODIN","D","20162017","MIN",7,6.1,0,0,0,0,0,1,1,0.02,0,0,2,0,0,0,0,0,0,0,0,0,0,0,0
"JONAS.BRODIN","D","20172018","MIN",11,16.37,0,0,0,0,2,2,2,0.09,0,0,4.5,0,0,1,0,0,0,0,0,0,0,0,0
"JONAS.BRODIN","D","20182019","MIN",11,12.03,0,0,1,1,0,1,1,0.09,0,0,9,0,2,0,0,0,0,0,0,0,0,0,0
"JONATHAN.DROUIN","F","20162017","T.B",14,14.88,1,0,0,1,2,6,8,0.77,50,16.67,12.83,0,0,0,0,2,0,1,0,0,4,2,2
"JONATHAN.DROUIN","F","20172018","MTL",15,18.92,0,0,0,0,5,5,8,0.41,0,0,8.2,0,1,0,2,1,0,0,0,0,6,9,-3
"JONATHAN.DROUIN","F","20182019","MTL",10,7.35,1,0,0,1,1,1,1,0.15,100,100,15,0,0,0,0,1,0,0,0,0,1,1,0
"JONATHAN.HUBERDEAU","F","20162017","FLA",4,6.28,1,0,0,1,4,4,4,0.8,25,25,20,0,0,0,2,1,0,0,0,0,0,0,0
"JONATHAN.HUBERDEAU","F","20172018","FLA",14,20.53,0,0,1,1,2,2,3,0.07,0,0,3.5,0,0,1,0,1,0,0,0,0,0,0,0
"JONATHAN.HUBERDEAU","F","20182019","FLA",18,25.68,0,4,0,4,5,7,7,1.08,0,0,15.43,2,1,1,3,1,0,0,0,0,0,0,0
"JONATHAN.MARCHESSAULT","F","20162017","FLA",13,13.3,0,1,0,1,1,1,6,0.02,0,0,2,1,0,2,2,2,0,0,0,0,3,2,1
"JONATHAN.MARCHESSAULT","F","20172018","VGK",15,19.4,2,1,0,3,11,16,21,1.59,18.18,12.5,9.94,0,1,1,0,3,0,0,0,0,5,5,0
"JONATHAN.MARCHESSAULT","F","20182019","VGK",10,11.32,0,0,0,0,1,4,6,0.25,0,0,6.25,0,0,2,0,0,1,1,0,0,1,1,0
"JONATHAN.TOEWS","F","20162017","CHI",15,16.32,0,1,0,1,4,7,8,0.54,0,0,7.71,0,0,2,0,1,0,0,0,0,13,8,5
"JONATHAN.TOEWS","F","20172018","CHI",14,15.27,1,0,1,2,6,8,12,0.69,16.67,12.5,8.62,0,0,0,0,0,0,0,0,0,11,3,8
"JONATHAN.TOEWS","F","20182019","CHI",22,24.28,2,1,1,4,7,9,9,1.11,28.57,22.22,12.33,2,0,0,0,1,1,0,0,0,15,17,-2
"JOONAS.DONSKOI","F","20172018","S.J",10,11.35,0,0,0,0,1,1,4,0.14,0,0,14,0,1,1,0,0,0,0,0,0,1,0,1
"JORDAN.EBERLE","F","20162017","EDM",16,16.57,0,0,0,0,3,5,7,0.64,0,0,12.8,0,0,1,1,2,1,1,0,0,0,0,0
"JORDAN.EBERLE","F","20172018","NYI",16,16.87,1,0,0,1,3,4,4,0.56,33.33,25,14,0,0,0,0,0,0,0,0,0,0,0,0
"JORDAN.EBERLE","F","20182019","NYI",9,12.07,0,0,0,0,5,5,6,0.69,0,0,13.8,0,0,0,0,1,0,0,0,0,0,0,0
"JORDAN.MARTINOOK","F","20162017","ARI",11,10.15,0,0,0,0,6,6,6,0.87,0,0,14.5,0,0,2,0,1,0,0,0,0,6,6,0
"JORDAN.OESTERLE","D","20182019","ARI",6,6.23,0,0,0,0,0,0,0,0,0,0,0,1,1,0,0,1,0,0,0,0,0,0,0
"JORDAN.STAAL","F","20162017","CAR",19,18.82,0,0,1,1,5,6,6,0.49,0,0,8.17,0,1,1,2,2,1,0,0,0,12,6,6
"JORDAN.STAAL","F","20172018","CAR",14,17.1,0,0,0,0,7,9,10,1.09,0,0,12.11,0,1,1,2,0,0,1,0,0,8,7,1
"JORDAN.STAAL","F","20182019","CAR",9,9.42,0,1,0,1,1,2,2,0.12,0,0,6,1,1,0,0,3,0,0,0,0,5,6,-1
"JORDAN.WEAL","F","20172018","PHI",8,5.65,1,0,0,1,3,3,3,0.27,33.33,33.33,9,0,0,0,0,0,0,0,0,0,0,0,0
"JORI.LEHTERA","F","20162017","STL",8,8.22,0,2,0,2,2,3,4,0.24,0,0,8,0,0,0,1,0,0,0,0,0,5,4,1
"JOSH.ANDERSON","F","20172018","CBJ",13,18.07,2,0,0,2,6,8,8,1.03,33.33,25,12.88,0,0,1,1,1,1,1,0,0,0,1,-1
"JOSH.BAILEY","F","20162017","NYI",18,15.97,1,2,0,3,7,8,8,0.55,14.29,12.5,6.88,3,0,0,1,3,0,1,0,0,0,0,0
"JOSH.BAILEY","F","20172018","NYI",17,17.12,1,1,0,2,4,5,5,0.6,25,20,12,0,0,0,2,0,0,0,0,0,1,0,1
"JOSH.BAILEY","F","20182019","NYI",11,16.53,0,1,0,1,4,4,6,0.29,0,0,7.25,0,0,0,1,0,0,0,0,0,1,1,0
"JOSH.LEIVO","F","20182019","VAN",13,14.47,0,0,0,0,1,3,4,0.33,0,0,11,1,0,0,0,0,0,0,0,0,0,0,0
"JOSH.MANSON","D","20172018","ANA",6,6.67,0,0,0,0,1,1,2,0.06,0,0,6,1,0,0,0,0,0,0,0,0,0,0,0
"JOSH.MORRISSEY","D","20172018","WPG",9,9.48,0,0,1,1,1,2,2,0.28,0,0,14,2,1,1,0,0,0,0,0,0,0,0,0
"JOSH.MORRISSEY","D","20182019","WPG",11,14.93,1,1,0,2,5,5,7,0.49,20,20,9.8,3,0,4,0,0,0,0,0,0,0,0,0
"J.T..COMPHER","F","20172018","COL",8,8.1,1,0,0,1,2,2,3,0.22,50,50,11,0,0,0,0,0,0,0,0,0,2,1,1
"J.T..COMPHER","F","20182019","COL",8,9.7,0,0,0,0,0,1,2,0.07,0,0,7,1,0,0,1,0,0,0,0,0,2,3,-1
"J.T..MILLER","F","20162017","NYR",10,10.42,1,0,0,1,4,4,4,0.44,25,25,11,0,1,1,0,1,0,0,0,0,4,0,4
"J.T..MILLER","F","20172018","NYR",13,13.33,1,0,2,3,4,4,5,0.49,25,25,12.25,3,0,0,0,1,0,1,0,0,6,5,1
"JUSSI.JOKINEN","F","20162017","FLA",11,12.47,0,1,0,1,1,2,3,0.07,0,0,3.5,1,0,2,2,2,0,0,0,0,0,2,-2
"JUSTIN.BRAUN","D","20172018","S.J",11,7.67,0,0,0,0,0,0,0,0,0,0,0,1,0,0,0,0,0,0,0,0,0,0,0
"JUSTIN.FAULK","D","20162017","CAR",18,18.48,0,1,1,2,5,5,8,0.25,0,0,5,0,1,0,0,1,0,0,0,0,0,0,0
"JUSTIN.FAULK","D","20172018","CAR",16,22.38,0,0,0,0,9,11,13,0.8,0,0,7.27,3,2,1,1,0,0,0,0,0,0,0,0
"JUSTIN.FAULK","D","20182019","CAR",11,9.85,0,1,0,1,2,3,3,0.07,0,0,2.33,0,0,0,0,1,0,0,0,0,0,0,0
"JUSTIN.SCHULTZ","D","20162017","PIT",16,15.05,0,0,2,2,4,4,4,0.41,0,0,10.25,2,0,0,1,1,0,0,0,0,0,0,0
"JUSTIN.SCHULTZ","D","20172018","PIT",10,7.25,1,0,0,1,1,2,2,0.21,100,50,10.5,0,0,0,0,0,0,0,0,0,0,0,0
"JUSTIN.SCHULTZ","D","20182019","PIT",7,8.73,0,0,0,0,0,1,2,0.04,0,0,4,1,1,0,0,1,0,0,0,0,0,0,0
"KARL.ALZNER","D","20162017","WSH",11,6.58,0,0,0,0,0,0,0,0,0,0,0,1,1,0,0,0,0,0,0,0,0,0,0
"KASPERI.KAPANEN","F","20182019","TOR",9,8.97,1,1,0,2,2,3,3,0.22,50,33.33,7.33,0,0,0,0,1,0,0,0,0,1,0,1
"KEITH.YANDLE","D","20162017","FLA",17,18.5,0,0,0,0,4,5,6,0.24,0,0,4.8,2,0,0,1,0,0,0,0,0,0,0,0
"KEITH.YANDLE","D","20172018","FLA",13,18.52,0,0,0,0,1,3,4,0.08,0,0,2.67,1,0,0,0,0,0,0,0,0,0,0,0
"KEITH.YANDLE","D","20182019","FLA",16,17.7,0,0,0,0,2,2,5,0.05,0,0,2.5,0,0,2,2,0,0,0,0,0,0,0,0
"KEVIN.FIALA","F","20172018","NSH",15,13.32,0,0,0,0,1,1,2,0.14,0,0,14,0,0,0,1,1,1,1,0,0,0,0,0
"KEVIN.HAYES","F","20162017","NYR",8,8.85,0,0,0,0,2,3,3,0.47,0,0,15.67,1,0,1,0,1,0,0,0,0,1,5,-4
"KEVIN.HAYES","F","20172018","NYR",13,12.52,0,0,0,0,1,4,4,0.59,0,0,14.75,1,1,0,1,1,0,0,0,0,3,0,3
"KEVIN.HAYES","F","20182019","NYR",11,17.97,0,0,0,0,2,3,4,0.41,0,0,13.67,0,1,0,0,1,0,1,0,0,6,7,-1
"KEVIN.LABANC","F","20162017","S.J",7,7.05,1,0,0,1,4,5,6,0.78,25,20,15.6,0,0,0,1,1,0,0,0,0,0,0,0
"KEVIN.LABANC","F","20172018","S.J",9,7.82,1,0,0,1,2,3,4,0.27,50,33.33,9,0,0,0,0,1,0,0,0,0,0,0,0
"KEVIN.ROY","F","20172018","ANA",5,5.12,0,0,0,0,0,0,1,0,0,0,0,0,0,0,1,1,1,0,0,0,0,0,0
"KEVIN.SHATTENKIRK","D","20162017","STL",10,12.38,0,0,3,3,0,0,1,0,0,0,0,3,1,0,0,0,0,0,0,0,0,0,0
"KEVIN.SHATTENKIRK","D","20172018","NYR",10,7.82,1,1,0,2,2,2,2,0.28,50,50,14,1,0,0,0,0,0,0,0,0,0,0,0
"KEVIN.SHATTENKIRK","D","20182019","NYR",7,5.27,0,0,0,0,0,0,0,0,0,0,0,3,0,0,0,0,0,0,0,0,0,0,0
"KRIS.LETANG","D","20162017","PIT",14,16.48,1,0,1,2,5,6,7,0.95,20,16.67,15.83,2,7,0,0,1,1,0,0,0,0,0,0
"KRIS.LETANG","D","20172018","PIT",18,19.65,0,1,3,4,3,4,4,0.38,0,0,9.5,0,5,1,2,1,0,0,0,0,0,0,0
"KRIS.LETANG","D","20182019","PIT",14,17.32,0,0,0,0,3,3,4,0.24,0,0,8,1,3,0,0,2,1,0,0,0,0,0,0
"KRIS.RUSSELL","D","20162017","EDM",12,11.18,0,0,0,0,2,3,3,0.29,0,0,9.67,2,0,1,0,0,0,0,0,0,0,0,0
"KRIS.VERSTEEG","F","20162017","CGY",8,6.42,0,0,0,0,0,0,0,0,0,0,0,0,0,0,1,0,0,0,0,0,0,0,0
"KYLE.CONNOR","F","20172018","WPG",11,11.82,3,0,0,3,5,5,5,0.72,60,60,14.4,1,0,1,0,2,0,0,0,0,0,0,0
"KYLE.CONNOR","F","20182019","WPG",9,11.73,0,1,0,1,6,8,10,0.85,0,0,10.62,1,0,0,0,1,0,0,0,0,0,0,0
"KYLE.OKPOSO","F","20162017","BUF",15,19.62,0,1,0,1,6,6,7,0.55,0,0,9.17,0,0,0,0,1,1,0,0,0,3,1,2
"KYLE.OKPOSO","F","20172018","BUF",5,6,0,0,0,0,1,1,1,0.06,0,0,6,0,1,1,0,0,0,0,0,0,0,0,0
"KYLE.PALMIERI","F","20162017","N.J",16,14.4,1,1,1,3,4,4,4,0.51,25,25,12.75,0,2,1,0,0,0,0,0,0,0,1,-1
"KYLE.PALMIERI","F","20172018","N.J",12,12.82,0,1,0,1,5,7,7,0.58,0,0,8.29,0,1,1,0,0,0,1,0,0,0,7,-7
"KYLE.PALMIERI","F","20182019","N.J",11,11.35,0,1,0,1,2,2,2,0.12,0,0,6,0,1,0,2,0,1,0,0,0,1,1,0
"KYLE.TURRIS","F","20162017","OTT",17,26.48,2,0,0,2,4,6,6,0.38,50,33.33,6.33,5,0,2,2,0,0,0,0,0,12,12,0
"KYLE.TURRIS","F","20172018","NSH",17,21.03,0,0,0,0,2,5,6,0.63,0,0,12.6,0,0,1,0,1,0,0,0,0,3,4,-1
"KYLE.TURRIS","F","20182019","NSH",7,8.15,1,0,0,1,2,4,4,0.28,50,25,7,0,0,1,0,0,0,0,0,0,2,3,-1
"LARS.ELLER","F","20162017","WSH",8,8.25,0,0,0,0,3,3,3,0.38,0,0,12.67,0,0,0,1,0,0,0,0,0,2,1,1
"LARS.ELLER","F","20172018","WSH",9,9.37,0,0,0,0,1,1,2,0.18,0,0,18,0,0,0,1,0,0,0,0,0,3,2,1
"LARS.ELLER","F","20182019","WSH",11,9.28,1,0,0,1,2,3,3,0.2,50,33.33,6.67,1,0,0,0,0,0,0,0,0,4,2,2
"LEO.KOMAROV","F","20162017","TOR",13,10.15,0,0,0,0,3,3,3,0.33,0,0,11,0,2,1,0,2,0,0,0,0,0,0,0
"LEON.DRAISAITL","F","20162017","EDM",15,25.95,2,1,0,3,5,7,8,1.58,40,28.57,22.57,1,0,0,1,2,0,0,0,0,8,12,-4
"LEON.DRAISAITL","F","20172018","EDM",17,30.22,1,2,2,5,5,5,8,0.53,20,20,10.6,0,0,1,0,4,0,0,0,0,20,10,10
"LEON.DRAISAITL","F","20182019","EDM",20,27.6,3,3,0,6,7,11,12,0.97,42.86,27.27,8.82,0,0,0,1,0,0,0,0,0,13,9,4
"LOGAN.COUTURE","F","20162017","S.J",10,9.02,0,1,0,1,0,1,2,0.15,0,0,15,0,0,0,1,0,0,0,0,0,0,3,-3
"LOGAN.COUTURE","F","20172018","S.J",14,18.48,1,1,0,2,1,1,3,0.12,100,100,12,0,1,1,0,2,0,0,0,0,1,1,0
"LOGAN.COUTURE","F","20182019","S.J",13,12.37,0,4,0,4,3,4,4,0.37,0,0,9.25,0,0,0,0,2,0,0,0,0,2,1,1
"LOUI.ERIKSSON","F","20162017","VAN",12,13.17,0,1,0,1,1,2,3,0.25,0,0,12.5,0,0,0,0,1,0,0,0,0,0,0,0
"MARC-EDOUARD.VLASIC","D","20162017","S.J",9,8.37,1,0,0,1,2,2,4,0.22,50,50,11,0,0,0,0,0,0,0,0,0,0,0,0
"MARC-EDOUARD.VLASIC","D","20172018","S.J",15,19.52,1,1,0,2,4,5,5,1.17,25,20,23.4,1,0,0,0,0,0,0,0,0,0,0,0
"MARCO.SCANDELLA","D","20172018","BUF",13,13.65,1,0,0,1,4,5,7,0.44,25,20,8.8,2,0,0,0,0,0,0,0,0,0,0,0
"MARCUS.JOHANSSON","F","20162017","WSH",13,11.12,2,1,1,4,3,4,6,0.34,66.67,50,8.5,0,0,0,0,1,0,0,0,0,1,1,0
"MARCUS.JOHANSSON","F","20172018","N.J",5,5.08,0,0,0,0,2,2,2,0.35,0,0,17.5,0,0,0,0,0,0,0,0,0,0,0,0
"MARCUS.JOHANSSON","F","20182019","N.J",10,15.63,0,1,0,1,2,2,2,0.24,0,0,12,0,0,2,1,0,0,0,0,0,0,0,0
"MARIAN.HOSSA","F","20162017","CHI",11,11.23,3,0,0,3,5,6,7,0.59,60,50,9.83,1,1,0,1,0,0,1,0,0,0,0,0
"MARK.GIORDANO","D","20162017","CGY",17,18.15,1,1,2,4,6,8,9,0.26,16.67,12.5,3.25,2,0,0,0,1,0,0,0,0,0,0,0
"MARK.GIORDANO","D","20172018","CGY",18,27.13,2,0,1,3,4,4,4,0.17,50,50,4.25,2,1,1,0,1,0,0,0,0,0,0,0
"MARK.GIORDANO","D","20182019","CGY",11,11.73,0,2,0,2,3,4,5,0.34,0,0,8.5,1,0,2,0,0,1,0,0,0,0,0,0
"MARK.LETESTU","F","20162017","EDM",9,5.75,0,0,0,0,2,2,3,0.14,0,0,7,0,0,0,0,0,0,0,0,0,6,2,4
"MARK.SCHEIFELE","F","20162017","WPG",11,16.25,2,0,0,2,3,4,5,0.65,66.67,50,16.25,0,1,1,0,0,0,0,0,0,3,11,-8
"MARK.SCHEIFELE","F","20172018","WPG",11,14.27,0,2,0,2,2,3,4,0.27,0,0,9,0,0,0,0,1,0,0,0,0,7,9,-2
"MARK.SCHEIFELE","F","20182019","WPG",12,22.08,3,1,1,5,9,9,10,1.21,33.33,33.33,13.44,0,1,0,1,2,0,0,0,0,9,16,-7
"MARK.STONE","F","20162017","OTT",14,18.27,0,1,0,1,3,5,6,0.35,0,0,7,1,3,1,1,1,0,0,0,0,0,0,0
"MARK.STONE","F","20172018","OTT",10,13.45,1,0,0,1,2,2,2,0.18,50,50,9,0,1,0,0,0,0,0,0,0,0,0,0
"MARK.STONE","F","20182019","OTT",7,8.27,1,0,0,1,3,3,3,0.27,33.33,33.33,9,1,0,0,0,2,1,0,0,0,0,0,0
"MARKUS.GRANLUND","F","20162017","VAN",12,9.17,1,0,0,1,4,4,4,0.56,25,25,14,0,0,0,1,1,0,1,0,0,1,1,0
"MARKUS.GRANLUND","F","20172018","VAN",7,7,0,0,0,0,1,1,1,0.07,0,0,7,0,0,0,0,1,0,0,0,0,2,3,-1
"MARKUS.GRANLUND","F","20182019","VAN",6,5.42,0,0,0,0,0,0,0,0,0,0,0,0,0,0,0,1,0,0,0,0,1,1,0
"MARTIN.HANZAL","F","20162017","ARI",9,8.57,1,0,0,1,3,4,4,0.49,33.33,25,12.25,0,1,1,0,1,0,0,0,0,4,4,0
"MATHEW.BARZAL","F","20172018","NYI",19,19.58,1,2,0,3,9,10,12,0.99,11.11,10,9.9,0,0,1,1,2,1,0,0,0,4,8,-4
"MATHEW.BARZAL","F","20182019","NYI",16,20.9,1,2,0,3,9,10,13,2.36,11.11,10,23.6,1,1,0,0,4,0,0,0,0,1,3,-2
"MATHIEU.PERREAULT","F","20162017","WPG",10,7,0,0,0,0,1,2,2,0.27,0,0,13.5,0,0,0,0,0,0,0,0,0,1,0,1
"MATS.ZUCCARELLO","F","20162017","NYR",12,16.78,0,1,0,1,1,2,5,0.19,0,0,9.5,3,0,0,1,1,0,0,0,0,0,0,0
"MATS.ZUCCARELLO","F","20172018","NYR",17,19.65,1,0,0,1,6,7,7,0.89,16.67,14.29,12.71,0,0,0,0,1,0,0,0,0,0,0,0
"MATS.ZUCCARELLO","F","20182019","NYR",8,6.8,0,0,0,0,1,1,1,0.07,0,0,7,0,0,0,0,0,0,0,0,0,0,0,0
"MATT.CULLEN","F","20162017","PIT",11,7.73,0,0,0,0,2,3,3,0.56,0,0,18.67,0,1,0,1,0,0,0,0,0,5,4,1
"MATT.DUCHENE","F","20162017","COL",8,8.57,1,2,0,3,3,4,4,0.39,33.33,25,9.75,0,0,1,1,2,0,0,0,0,4,1,3
"MATT.DUCHENE","F","20172018","OTT",13,15.7,1,1,2,4,3,6,6,0.59,33.33,16.67,9.83,2,1,0,0,1,0,0,0,0,9,7,2
"MATT.DUCHENE","F","20182019","CBJ",4,7.48,0,0,0,0,3,5,6,0.69,0,0,13.8,0,0,0,1,2,0,0,0,0,4,2,2
"MATT.DUCHENE","F","20182019","OTT",6,6.62,0,1,0,1,1,1,1,0.06,0,0,6,0,0,0,0,0,0,0,0,0,4,3,1
"MATT.DUMBA","D","20162017","MIN",9,7.33,1,0,1,2,2,3,3,0.31,50,33.33,10.33,0,0,0,0,1,0,0,0,0,0,0,0
"MATT.DUMBA","D","20172018","MIN",15,23.28,2,0,0,2,2,4,5,0.73,100,50,18.25,0,1,2,1,1,1,1,0,0,0,0,0
"MATT.GRZELCYK","D","20172018","BOS",9,9.83,0,0,0,0,0,0,0,0,0,0,0,1,0,1,0,0,0,0,0,0,0,0,0
"MATT.GRZELCYK","D","20182019","BOS",11,9.07,0,1,0,1,0,0,0,0,0,0,0,0,0,0,0,0,0,0,0,0,0,0,0
"MATTHEW.TKACHUK","F","20172018","CGY",12,12.45,0,1,0,1,3,4,5,0.36,0,0,9,1,0,0,0,1,0,0,0,0,0,1,-1
"MATTHEW.TKACHUK","F","20182019","CGY",7,5.13,0,1,0,1,0,1,1,0.04,0,0,4,0,0,0,0,0,0,0,0,0,0,0,0
"MATTIAS.EKHOLM","D","20162017","NSH",13,11.5,0,0,0,0,2,2,2,0.14,0,0,7,0,0,0,0,0,1,0,0,0,0,0,0
"MATTIAS.EKHOLM","D","20172018","NSH",22,21.63,0,0,0,0,2,4,5,0.51,0,0,12.75,1,0,1,1,1,1,0,0,0,0,0,0
"MATTIAS.EKHOLM","D","20182019","NSH",9,8.92,0,2,1,3,0,1,1,0.11,0,0,11,1,0,1,0,0,0,0,0,0,0,0,0
"MATTIAS.JANMARK","F","20172018","DAL",16,19.1,1,1,0,2,4,4,5,0.36,25,25,9,1,0,0,0,1,0,2,0,0,3,3,0
"MATTIAS.JANMARK","F","20182019","DAL",8,7.03,0,1,1,2,3,4,4,0.29,0,0,7.25,0,0,0,0,1,0,0,0,0,0,0,0
"MATT.NISKANEN","D","20162017","WSH",16,17.85,0,0,2,2,1,1,3,0.11,0,0,11,1,1,0,0,2,0,0,0,0,0,0,0
"MATT.NISKANEN","D","20172018","WSH",7,6.03,0,0,0,0,1,2,2,0.06,0,0,3,0,0,0,0,0,0,0,0,0,0,0,0
"MATT.NISKANEN","D","20182019","WSH",9,5.87,1,0,0,1,1,1,1,0.35,100,100,35,2,1,1,0,0,1,0,0,0,0,0,0
"MAX.DOMI","F","20162017","ARI",10,10.72,0,0,0,0,2,2,5,0.32,0,0,16,2,0,0,0,1,1,0,0,0,0,0,0
"MAX.DOMI","F","20172018","ARI",19,23.05,0,1,1,2,4,8,9,1.03,0,0,12.88,0,0,1,0,0,0,1,0,0,0,2,-2
"MAX.DOMI","F","20182019","MTL",13,12.45,0,2,1,3,4,7,8,0.36,0,0,5.14,0,0,0,1,0,1,0,0,0,5,6,-1
"MAX.PACIORETTY","F","20162017","MTL",22,22.27,2,3,0,5,16,21,24,2.03,12.5,9.52,9.67,0,1,0,0,1,0,0,0,0,2,1,1
"MAX.PACIORETTY","F","20172018","MTL",14,18.7,1,0,0,1,7,10,12,0.82,14.29,10,8.2,0,0,0,1,0,0,0,0,0,0,0,0
"MICHAEL.DEL ZOTTO","D","20162017","PHI",14,16.28,0,0,0,0,4,6,6,0.37,0,0,6.17,6,1,0,0,0,0,0,0,0,0,0,0
"MICHAEL.DEL ZOTTO","D","20172018","VAN",11,10.75,0,0,0,0,2,3,3,0.19,0,0,6.33,1,0,0,0,0,0,1,0,0,0,0,0
"MICHAEL.FROLIK","F","20162017","CGY",15,14,1,1,2,4,3,3,3,0.3,33.33,33.33,10,0,1,1,0,1,1,0,0,0,0,0,0
"MICHAEL.FROLIK","F","20172018","CGY",12,12.32,1,0,0,1,3,4,4,0.35,33.33,25,8.75,0,0,2,0,1,0,0,0,0,1,0,1
"MICHAEL.GRABNER","F","20162017","NYR",9,7.2,0,0,0,0,5,7,7,1.07,0,0,15.29,0,0,0,0,0,0,0,0,0,0,0,0
"MICHAEL.GRABNER","F","20172018","NYR",8,6.85,0,0,0,0,2,2,3,0.26,0,0,13,0,0,0,1,0,0,0,0,0,0,0,0
"MIKAEL.BACKLUND","F","20162017","CGY",16,16.3,2,2,0,4,3,5,5,0.49,66.67,40,9.8,0,0,1,1,0,0,0,0,0,13,10,3
"MIKAEL.BACKLUND","F","20172018","CGY",18,22.63,0,2,0,2,3,4,5,0.24,0,0,6,0,1,3,1,1,0,0,0,0,9,10,-1
"MIKAEL.BACKLUND","F","20182019","CGY",7,6.12,1,0,0,1,2,3,3,0.49,50,33.33,16.33,1,1,0,1,2,0,0,0,0,2,3,-1
"MIKAEL.GRANLUND","F","20162017","MIN",14,13.62,1,1,0,2,5,6,7,0.5,20,16.67,8.33,0,0,1,0,0,0,0,0,0,0,0,0
"MIKAEL.GRANLUND","F","20172018","MIN",14,19.67,0,0,0,0,3,4,6,0.28,0,0,7,1,0,1,3,2,0,0,0,0,0,0,0
"MIKAEL.GRANLUND","F","20182019","MIN",9,9.6,1,0,0,1,1,1,3,0.03,100,100,3,0,0,1,0,0,0,0,0,0,3,2,1
"MIKA.ZIBANEJAD","F","20162017","NYR",11,10.3,2,0,0,2,3,4,4,0.43,66.67,50,10.75,0,0,0,1,0,0,0,0,0,3,5,-2
"MIKA.ZIBANEJAD","F","20172018","NYR",14,15.18,1,0,0,1,2,6,7,0.49,50,16.67,8.17,0,1,0,2,0,0,0,0,0,9,9,0
"MIKA.ZIBANEJAD","F","20182019","NYR",19,28.17,0,0,0,0,5,6,7,0.73,0,0,12.17,1,0,1,1,0,0,0,0,0,15,14,1
"MIKE.CAMMALLERI","F","20162017","N.J",13,16.2,1,0,0,1,2,6,6,0.63,50,16.67,10.5,2,0,2,2,1,0,0,0,0,0,0,0
"MIKE.FISHER","F","20162017","NSH",10,6.17,0,0,0,0,1,1,1,0.06,0,0,6,1,0,0,0,0,0,0,0,0,11,5,6
"MIKE.GREEN","D","20162017","DET",23,32.9,0,0,0,0,3,6,7,0.55,0,0,9.17,1,0,4,1,0,0,1,0,0,0,0,0
"MIKE.GREEN","D","20172018","DET",15,16.55,0,0,0,0,3,3,4,0.21,0,0,7,0,0,0,0,0,0,0,0,0,0,0,0
"MIKE.GREEN","D","20182019","DET",9,9.8,0,0,1,1,4,4,5,0.59,0,0,14.75,0,0,0,0,0,0,0,0,0,0,0,0
"MIKE.HOFFMAN","F","20162017","OTT",15,17.73,0,0,0,0,7,12,13,1.04,0,0,8.67,1,1,0,1,1,0,1,0,0,0,0,0
"MIKE.HOFFMAN","F","20172018","OTT",18,21.85,3,1,0,4,10,10,10,0.88,30,30,8.8,1,1,1,0,0,1,0,0,0,0,0,0
"MIKE.HOFFMAN","F","20182019","FLA",19,24.83,1,1,0,2,5,7,8,0.78,20,14.29,11.14,0,2,0,1,0,1,0,0,0,1,1,0
"MIKE.MATHESON","D","20162017","FLA",16,21.15,0,1,0,1,4,6,7,0.54,0,0,9,3,2,1,1,4,0,0,0,0,0,0,0
"MIKE.MATHESON","D","20172018","FLA",12,16.17,1,0,0,1,5,6,6,0.81,20,16.67,13.5,4,0,1,1,1,1,0,0,0,0,0,0
"MIKE.MATHESON","D","20182019","FLA",15,20.22,1,0,0,1,5,6,7,0.75,20,16.67,12.5,5,0,3,1,0,0,0,0,0,0,0,0
"MIKE.RIBEIRO","F","20162017","NSH",6,5.12,0,0,0,0,0,0,0,0,0,0,0,0,0,0,1,0,0,0,0,0,0,1,-1
"MIKKEL.BOEDKER","F","20162017","S.J",7,5.67,0,0,0,0,0,1,2,0.07,0,0,7,0,0,0,0,0,0,0,0,0,0,0,0
"MIKKO.KOIVU","F","20162017","MIN",14,13.15,1,0,1,2,2,2,2,0.24,50,50,12,0,0,0,0,0,0,0,0,0,11,6,5
"MIKKO.KOIVU","F","20172018","MIN",15,17.43,0,0,0,0,3,3,3,0.2,0,0,6.67,0,0,0,1,0,0,0,0,0,7,3,4
"MIKKO.RANTANEN","F","20162017","COL",9,11.58,1,0,0,1,3,4,5,0.48,33.33,25,12,0,2,0,0,0,0,0,0,0,0,0,0
"MIKKO.RANTANEN","F","20172018","COL",15,16.13,0,1,0,1,2,3,4,0.29,0,0,9.67,1,0,0,1,1,0,0,0,0,2,0,2
"MIKKO.RANTANEN","F","20182019","COL",10,12.82,0,1,0,1,1,2,4,0.17,0,0,8.5,2,0,1,0,0,0,0,0,0,0,0,0
"MILES.WOOD","F","20182019","N.J",5,5.77,0,0,0,0,1,1,3,0.26,0,0,26,0,0,0,0,0,0,0,0,0,0,0,0
"MIRO.HEISKANEN","D","20182019","DAL",13,16.77,0,0,0,0,4,6,9,0.26,0,0,4.33,0,0,1,0,0,0,0,0,0,0,0,0
"MITCH.MARNER","F","20162017","TOR",15,16.48,0,1,0,1,4,9,10,1.11,0,0,12.33,0,1,0,1,1,1,0,0,0,0,0,0
"MITCH.MARNER","F","20172018","TOR",16,14.93,0,0,1,1,0,2,4,0.06,0,0,3,0,0,0,0,1,3,0,0,0,1,0,1
"MITCH.MARNER","F","20182019","TOR",13,16.32,0,2,0,2,4,5,6,0.65,0,0,13,0,0,0,1,2,0,0,0,0,0,0,0
"MORGAN.RIELLY","D","20162017","TOR",20,25.43,1,1,0,2,9,14,18,1.48,11.11,7.14,10.57,2,1,1,1,2,0,0,0,0,0,0,0
"MORGAN.RIELLY","D","20172018","TOR",16,21.05,0,0,1,1,5,5,6,0.38,0,0,7.6,2,2,1,1,3,0,0,0,0,0,0,0
"MORGAN.RIELLY","D","20182019","TOR",14,18.63,2,0,1,3,3,4,4,0.38,66.67,50,9.5,4,0,0,0,1,0,0,0,0,0,0,0
"NATE.SCHMIDT","D","20172018","VGK",18,26.92,0,1,1,2,1,4,5,0.44,0,0,11,4,1,0,1,0,0,1,0,0,0,0,0
"NATE.SCHMIDT","D","20182019","VGK",10,9.63,0,0,0,0,3,3,4,0.04,0,0,1.33,2,0,0,1,0,0,0,0,0,0,0,0
"NATHAN.BEAULIEU","D","20162017","MTL",10,7.15,0,0,1,1,3,3,3,0.28,0,0,9.33,0,0,0,0,0,0,1,0,0,0,0,0
"NATHAN.BEAULIEU","D","20172018","BUF",5,6.33,0,0,0,0,1,1,1,0.21,0,0,21,0,0,0,1,0,0,0,0,0,0,0,0
"NATHAN.MACKINNON","F","20162017","COL",11,13.32,1,1,0,2,3,3,5,0.28,33.33,33.33,9.33,0,0,0,1,0,0,0,0,0,6,5,1
"NATHAN.MACKINNON","F","20172018","COL",14,17.2,1,0,0,1,4,5,5,0.55,25,20,11,1,0,0,0,2,0,1,0,0,9,9,0
"NATHAN.MACKINNON","F","20182019","COL",16,23.4,1,0,0,1,6,10,12,1.11,16.67,10,11.1,2,1,1,0,0,2,2,0,0,4,10,-6
"NAZEM.KADRI","F","20162017","TOR",20,18.92,1,0,0,1,7,8,8,1.24,14.29,12.5,15.5,1,1,1,2,0,0,0,0,0,7,10,-3
"NAZEM.KADRI","F","20172018","TOR",13,12.2,0,1,0,1,3,5,5,0.33,0,0,6.6,0,2,0,1,1,0,0,0,0,6,8,-2
"NEAL.PIONK","D","20182019","NYR",15,15.6,0,0,0,0,1,1,2,0.07,0,0,7,1,2,1,0,1,0,0,0,0,0,0,0
"NICK.BJUGSTAD","F","20172018","FLA",10,5.38,0,1,0,1,2,4,4,0.43,0,0,10.75,0,0,0,1,0,0,0,0,0,2,2,0
"NICK.BJUGSTAD","F","20182019","PIT",6,7.1,0,0,0,0,2,3,3,0.19,0,0,6.33,0,0,0,0,2,0,0,0,0,2,2,0
"NICK.BONINO","F","20162017","PIT",13,13.45,0,0,0,0,3,4,5,0.5,0,0,12.5,1,0,0,1,1,0,1,0,0,2,6,-4
"NICK.BONINO","F","20172018","NSH",14,12.53,0,1,0,1,0,0,0,0,0,0,0,1,0,0,0,3,0,0,0,0,10,9,1
"NICK.FOLIGNO","F","20162017","CBJ",11,11,1,0,0,1,7,10,10,1.33,14.29,10,13.3,0,0,1,1,0,0,0,0,0,1,2,-1
"NICK.FOLIGNO","F","20172018","CBJ",17,18.27,0,1,0,1,2,2,3,0.2,0,0,10,0,1,0,1,3,0,0,0,0,4,10,-6
"NICK.FOLIGNO","F","20182019","CBJ",7,5.55,0,1,0,1,0,0,0,0,0,0,0,1,0,0,0,0,0,0,0,0,1,1,0
"NICK.HOLDEN","D","20162017","NYR",12,12.37,1,0,0,1,3,4,4,0.44,33.33,25,11,0,0,0,1,0,0,0,0,0,0,0,0
"NICK.JENSEN","D","20172018","DET",7,5.82,0,0,1,1,0,0,0,0,0,0,0,0,0,0,1,0,0,0,0,0,0,0,0
"NICK.JENSEN","D","20182019","DET",7,7.57,0,0,0,0,0,0,0,0,0,0,0,0,1,0,1,0,0,0,0,0,0,0,0
"NICKLAS.BACKSTROM","F","20162017","WSH",15,15.15,1,0,0,1,4,4,4,0.5,25,25,12.5,1,1,0,1,1,0,0,0,0,5,10,-5
"NICKLAS.BACKSTROM","F","20172018","WSH",15,13.4,1,1,0,2,2,3,3,0.13,50,33.33,4.33,0,0,0,0,0,0,0,0,0,4,2,2
"NICKLAS.BACKSTROM","F","20182019","WSH",13,16.83,0,0,0,0,1,1,2,0.02,0,0,2,1,0,0,0,1,1,0,0,0,6,10,-4
"NICK.LEDDY","D","20162017","NYI",20,25.83,0,1,1,2,2,3,3,0.41,0,0,13.67,4,2,0,1,1,0,0,0,0,0,0,0
"NICK.LEDDY","D","20172018","NYI",19,25.27,1,0,1,2,4,4,4,0.64,25,25,16,6,2,1,0,1,1,0,0,0,0,0,0
"NICK.LEDDY","D","20182019","NYI",16,22.73,0,0,0,0,1,1,1,0.06,0,0,6,0,1,0,1,1,0,1,0,0,0,0,0
"NICK.SCHMALTZ","F","20172018","CHI",12,11.77,0,0,1,1,2,2,4,0.41,0,0,20.5,1,0,2,0,1,1,0,0,0,4,6,-2
"NICK.SCHMALTZ","F","20182019","CHI",6,6.73,0,1,0,1,0,0,1,0,0,0,0,0,1,2,1,1,0,0,0,0,0,2,-2
"NICO.HISCHIER","F","20172018","N.J",18,22.35,0,1,1,2,5,6,8,0.98,0,0,16.33,0,0,0,0,1,0,1,0,0,5,8,-3
"NICO.HISCHIER","F","20182019","N.J",13,21.1,3,0,0,3,5,5,5,0.63,60,60,12.6,0,1,1,0,2,0,0,0,0,13,12,1
"NIKITA.KUCHEROV","F","20162017","T.B",18,19.43,1,1,0,2,7,9,12,1.07,14.29,11.11,11.89,0,1,0,1,4,0,0,0,0,0,0,0
"NIKITA.KUCHEROV","F","20172018","T.B",13,15.02,0,0,0,0,5,6,6,0.54,0,0,9,0,0,0,0,1,1,0,0,0,0,0,0
"NIKITA.KUCHEROV","F","20182019","T.B",15,22.23,0,2,0,2,2,4,6,0.46,0,0,11.5,2,1,0,2,0,2,1,0,0,0,0,0
"NIKITA.ZAITSEV","D","20162017","TOR",16,15.47,0,0,0,0,5,7,7,0.63,0,0,9,1,0,1,1,0,0,0,0,0,0,0,0
"NIKITA.ZAITSEV","D","20172018","TOR",9,6.13,0,0,0,0,1,2,2,0.09,0,0,4.5,0,1,0,0,0,0,0,0,0,0,0,0
"NIKLAS.HJALMARSSON","D","20162017","CHI",13,9.52,0,0,1,1,0,0,0,0,0,0,0,0,1,0,0,1,0,0,0,0,0,0,0
"NIKOLAJ.EHLERS","F","20162017","WPG",13,7.88,0,0,0,0,3,4,4,0.68,0,0,17,1,0,2,0,0,0,0,0,0,0,0,0
"NIKOLAJ.EHLERS","F","20172018","WPG",15,13.2,0,0,1,1,2,2,4,0.18,0,0,9,0,0,1,0,0,0,0,0,0,0,0,0
"NIKOLAY.GOLDOBIN","F","20182019","VAN",9,9.37,0,0,0,0,4,5,5,0.36,0,0,7.2,1,0,2,0,0,0,0,0,0,0,0,0
"NOAH.HANIFIN","D","20162017","CAR",14,13.15,1,0,0,1,4,4,4,0.34,25,25,8.5,3,0,1,1,0,0,0,0,0,0,0,0
"NOAH.HANIFIN","D","20172018","CAR",12,13.1,1,0,0,1,5,5,7,0.67,20,20,13.4,1,0,1,1,1,0,0,0,0,0,0,0
"NOLAN.PATRICK","F","20172018","PHI",9,5.13,0,0,0,0,0,0,0,0,0,0,0,0,0,0,1,0,0,0,0,0,1,2,-1
"NOLAN.PATRICK","F","20182019","PHI",7,6.9,1,1,0,2,2,2,2,0.16,50,50,8,0,0,0,0,0,0,0,0,0,1,3,-2
"OLIVER.EKMAN-LARSSON","D","20162017","ARI",18,24.25,0,0,0,0,2,2,2,0.1,0,0,5,0,0,1,1,0,0,0,0,0,0,0,0
"OLIVER.EKMAN-LARSSON","D","20172018","ARI",21,28.3,0,1,0,1,1,2,4,0.15,0,0,7.5,2,3,0,1,1,0,0,0,0,0,0,0
"OLIVER.EKMAN-LARSSON","D","20182019","ARI",17,19.32,0,0,1,1,3,4,6,0.18,0,0,4.5,0,3,1,1,2,0,1,0,0,0,0,0
"ONDREJ.KASE","F","20172018","ANA",14,14.57,1,1,2,4,4,4,4,0.91,25,25,22.75,0,0,1,0,2,0,0,0,0,1,0,1
"ONDREJ.KASE","F","20182019","ANA",6,5.93,0,0,0,0,0,1,2,0.23,0,0,23,0,0,0,0,1,0,0,0,0,0,0,0
"ONDREJ.PALAT","F","20162017","T.B",13,11.43,0,1,0,1,4,5,5,0.48,0,0,9.6,0,3,0,0,1,0,0,0,0,0,0,0
"OSCAR.FANTENBERG","D","20182019","L.A",6,5.58,0,1,0,1,0,0,0,0,0,0,0,1,1,1,0,0,0,0,0,0,0,0,0
"OSCAR.KLEFBOM","D","20162017","EDM",16,18.72,0,0,1,1,3,5,6,0.49,0,0,9.8,3,2,1,1,0,0,0,0,0,0,0,0
"OSCAR.KLEFBOM","D","20172018","EDM",15,22.75,1,0,1,2,4,6,6,0.63,25,16.67,10.5,1,2,1,0,0,0,0,0,0,0,0,0
"OSCAR.KLEFBOM","D","20182019","EDM",13,13.77,1,1,0,2,4,4,4,0.35,25,25,8.75,0,0,0,0,1,0,0,0,0,0,0,0
"PATRICE.BERGERON","F","20162017","BOS",13,13.88,0,0,1,1,4,5,8,0.3,0,0,6,0,1,0,0,0,0,0,0,0,10,8,2
"PATRICE.BERGERON","F","20172018","BOS",16,19.53,0,0,1,1,7,8,10,0.38,0,0,4.75,1,0,0,3,1,1,0,0,0,17,12,5
"PATRICE.BERGERON","F","20182019","BOS",15,16.3,0,2,0,2,4,8,8,1.09,0,0,13.63,3,1,0,0,0,0,0,0,0,9,10,-1
"PATRICK.KANE","F","20162017","CHI",17,22.15,1,1,0,2,8,12,14,1.76,12.5,8.33,14.67,0,0,2,0,0,1,1,0,0,0,0,0
"PATRICK.KANE","F","20172018","CHI",17,22.7,2,2,0,4,5,8,11,0.74,40,25,9.25,0,0,1,1,1,2,0,0,0,0,0,0
"PATRICK.KANE","F","20182019","CHI",22,28.68,2,0,0,2,14,20,24,1.57,14.29,10,7.85,0,0,2,2,1,0,0,0,0,0,0,0
"PATRICK.MARLEAU","F","20162017","S.J",8,7.55,0,0,0,0,0,0,0,0,0,0,0,0,2,0,1,1,0,0,0,0,1,3,-2
"PATRICK.MARLEAU","F","20172018","TOR",16,15.65,1,0,0,1,8,8,10,0.91,12.5,12.5,11.38,0,1,0,0,1,0,0,0,0,8,2,6
"PATRICK.MARLEAU","F","20182019","TOR",8,5.72,0,2,0,2,2,3,3,0.38,0,0,12.67,0,0,0,0,0,0,0,0,0,2,1,1
"PATRIK.BERGLUND","F","20162017","STL",7,5.63,1,0,0,1,2,2,2,0.37,50,50,18.5,0,0,1,0,0,0,0,0,0,3,2,1
"PATRIK.LAINE","F","20162017","WPG",12,12.6,1,1,0,2,3,5,5,0.64,33.33,20,12.8,0,1,0,0,1,1,0,0,0,0,0,0
"PATRIK.LAINE","F","20172018","WPG",13,13.8,0,0,0,0,6,6,6,0.7,0,0,11.67,0,0,2,1,1,0,0,0,0,0,0,0
"PATRIK.LAINE","F","20182019","WPG",10,10.52,0,0,0,0,6,8,9,0.62,0,0,7.75,2,0,0,0,1,0,0,0,0,1,0,1
"PAUL.BYRON","F","20162017","MTL",16,11.42,1,0,0,1,2,3,3,0.33,50,33.33,11,0,1,0,1,1,0,0,0,0,1,0,1
"PAUL.BYRON","F","20172018","MTL",16,13.03,0,0,0,0,5,5,5,0.56,0,0,11.2,0,0,0,0,2,0,0,0,0,2,0,2
"PAUL.STASTNY","F","20162017","STL",6,7.12,0,0,0,0,1,1,2,0.09,0,0,9,0,0,0,1,1,0,0,0,0,6,0,6
"PAUL.STASTNY","F","20172018","STL",11,14.27,0,1,1,2,3,3,3,0.33,0,0,11,1,0,0,0,1,0,0,0,0,14,5,9
"PAUL.STASTNY","F","20182019","VGK",8,5.7,0,1,0,1,2,2,3,0.38,0,0,19,0,0,0,0,1,0,0,0,0,2,2,0
"PAVEL.BUCHNEVICH","F","20172018","NYR",7,6.02,0,0,0,0,0,0,0,0,0,0,0,0,1,0,0,0,0,0,0,0,0,0,0
"PAVEL.BUCHNEVICH","F","20182019","NYR",11,12.22,0,0,0,0,2,2,3,0.19,0,0,9.5,1,0,1,1,1,0,0,0,0,0,0,0
"PAVEL.ZACHA","F","20172018","N.J",8,6.02,0,0,0,0,0,0,1,0,0,0,0,0,1,0,0,1,0,0,0,0,1,3,-2
"PAVEL.ZACHA","F","20182019","N.J",11,10.52,0,0,0,0,2,2,2,0.32,0,0,16,1,0,0,0,0,0,0,0,0,1,5,-4
"PETER.HOLLAND","F","20162017","ARI",4,6.5,0,0,0,0,1,1,1,0.08,0,0,8,0,1,0,0,0,0,0,0,0,2,4,-2
"PHIL.KESSEL","F","20162017","PIT",21,23,0,0,1,1,6,8,9,0.59,0,0,7.38,2,0,0,1,0,0,1,0,0,0,0,0
"PHIL.KESSEL","F","20172018","PIT",17,15.62,3,3,0,6,6,11,12,1.21,50,27.27,11,0,0,0,0,2,0,0,0,0,1,0,1
"PHIL.KESSEL","F","20182019","PIT",15,18.4,0,0,0,0,8,10,10,0.95,0,0,9.5,0,0,0,1,2,0,0,0,0,0,0,0
"PHILLIP.DANAULT","F","20162017","MTL",17,15.73,1,0,2,3,1,2,2,0.27,100,50,13.5,0,0,0,0,0,0,0,0,0,12,12,0
"PHILLIP.DANAULT","F","20172018","MTL",9,8.33,0,1,0,1,3,3,3,0.16,0,0,5.33,0,0,0,0,0,1,1,0,0,3,2,1
"PHILLIP.DANAULT","F","20182019","MTL",10,6.9,0,0,1,1,1,1,2,0.03,0,0,3,0,0,0,0,0,0,0,0,0,7,3,4
"PIERRE-EDOUARD.BELLEMARE","F","20162017","PHI",13,8.83,0,0,0,0,1,1,2,0.22,0,0,22,0,1,0,0,2,0,0,0,0,1,6,-5
"PIERRE-LUC.DUBOIS","F","20172018","CBJ",12,12.58,0,1,0,1,6,8,9,0.54,0,0,6.75,0,1,0,0,0,0,0,0,0,3,9,-6
"PIERRE-LUC.DUBOIS","F","20182019","CBJ",13,12.88,1,2,0,3,2,2,2,0.22,50,50,11,0,1,1,2,2,0,0,0,0,4,1,3
"P.K..SUBBAN","D","20162017","NSH",11,9.47,0,0,0,0,0,1,1,0.04,0,0,4,1,0,0,0,0,0,0,0,0,0,0,0
"P.K..SUBBAN","D","20172018","NSH",17,20.73,0,0,0,0,1,1,2,0.06,0,0,6,0,0,1,3,1,0,0,0,0,0,0,0
"RADEK.FAKSA","F","20162017","DAL",9,5.13,0,0,0,0,2,2,3,0.13,0,0,6.5,0,0,2,0,0,0,0,0,0,3,4,-1
"RADEK.FAKSA","F","20172018","DAL",11,8.68,0,0,0,0,1,1,1,0.1,0,0,10,1,2,0,0,1,0,0,0,0,0,3,-3
"RADIM.VRBATA","F","20162017","ARI",15,16.12,0,0,1,1,3,4,4,0.14,0,0,3.5,0,0,0,1,2,0,0,0,0,0,0,0
"RASMUS.DAHLIN","D","20182019","BUF",18,22.78,0,0,0,0,4,4,4,0.19,0,0,4.75,1,1,1,2,2,0,0,0,0,0,0,0
"RASMUS.RISTOLAINEN","D","20162017","BUF",17,26.38,1,0,0,1,3,6,6,0.64,33.33,16.67,10.67,0,1,0,1,0,0,0,0,0,0,0,0
"RASMUS.RISTOLAINEN","D","20172018","BUF",14,21.85,1,0,0,1,2,3,4,0.43,50,33.33,14.33,4,2,1,3,0,0,1,0,0,0,0,0
"RASMUS.RISTOLAINEN","D","20182019","BUF",20,23.33,1,2,0,3,7,7,7,0.64,14.29,14.29,9.14,3,0,1,0,1,1,2,0,0,0,0,0
"REILLY.SMITH","F","20162017","FLA",19,24.63,0,1,0,1,1,2,6,0.08,0,0,4,1,0,0,1,0,0,0,0,0,0,0,0
"REILLY.SMITH","F","20172018","VGK",14,16.45,1,2,0,3,5,7,7,0.6,20,14.29,8.57,0,1,1,0,1,0,0,0,0,1,1,0
"REILLY.SMITH","F","20182019","VGK",11,10.03,0,0,0,0,1,2,4,0.13,0,0,6.5,0,0,0,1,1,0,0,0,0,0,0,0
"RICHARD.PANIK","F","20182019","ARI",8,8.3,1,0,0,1,1,1,2,0.05,100,100,5,0,0,0,1,0,1,0,0,0,0,0,0
"RICKARD.RAKELL","F","20162017","ANA",15,19.35,0,1,0,1,1,2,2,0.34,0,0,17,1,0,1,0,2,0,0,0,0,1,0,1
"RICKARD.RAKELL","F","20172018","ANA",18,26.73,1,1,0,2,6,8,8,0.76,16.67,12.5,9.5,0,2,1,2,1,0,1,0,0,1,4,-3
"RICKARD.RAKELL","F","20182019","ANA",10,9.52,1,1,1,3,2,2,3,1.12,50,50,56,0,1,0,0,1,0,0,0,0,0,0,0
"RICK.NASH","F","20162017","NYR",12,12.48,0,0,0,0,5,6,6,0.69,0,0,11.5,2,1,1,1,1,0,0,0,0,0,0,0
"RICK.NASH","F","20172018","NYR",10,10.9,0,1,0,1,2,3,4,0.31,0,0,10.33,0,0,1,1,0,0,0,0,0,0,1,-1
"RILEY.NASH","F","20172018","BOS",9,9.73,0,2,1,3,1,1,2,0.06,0,0,6,0,0,0,0,0,0,0,0,0,7,4,3
"ROBBY.FABBRI","F","20162017","STL",6,6.18,0,0,0,0,1,3,3,0.33,0,0,11,0,0,1,0,0,1,0,0,0,0,0,0
"ROBERT.THOMAS","F","20182019","STL",9,8.32,0,0,0,0,1,1,2,0.19,0,0,19,0,0,1,2,0,0,0,0,0,1,1,0
"ROMAN.JOSI","D","20162017","NSH",16,20.27,0,1,1,2,3,3,4,0.23,0,0,7.67,3,0,1,0,0,0,0,0,0,0,0,0
"ROMAN.JOSI","D","20172018","NSH",19,29.42,1,0,0,1,5,5,6,0.31,20,20,6.2,2,0,1,1,1,0,1,0,0,0,0,0
"ROMAN.JOSI","D","20182019","NSH",14,15.43,0,0,1,1,2,2,4,0.22,0,0,11,0,1,0,0,0,0,1,0,0,0,0,0
"RON.HAINSEY","D","20162017","CAR",12,10,1,0,1,2,4,4,5,0.13,25,25,3.25,1,0,0,0,0,0,0,0,0,0,0,0
"ROOPE.HINTZ","F","20182019","DAL",5,7.93,1,0,1,2,4,4,4,0.61,25,25,15.25,0,0,0,0,0,0,0,0,0,2,3,-1
"RYAN.DZINGEL","F","20162017","OTT",11,10.67,0,0,0,0,2,2,2,0.14,0,0,7,0,1,0,1,0,0,0,0,0,0,1,-1
"RYAN.DZINGEL","F","20172018","OTT",13,15.03,0,0,0,0,4,4,4,0.38,0,0,9.5,0,0,0,0,3,0,0,0,0,0,0,0
"RYAN.DZINGEL","F","20182019","OTT",7,5.78,1,1,0,2,2,3,3,0.47,50,33.33,15.67,0,0,1,0,0,0,0,0,0,0,1,-1
"RYAN.ELLIS","D","20162017","NSH",11,13.97,0,0,0,0,3,3,3,0.14,0,0,4.67,0,3,0,1,2,0,0,0,0,0,0,0
"RYAN.ELLIS","D","20172018","NSH",7,6.68,0,1,1,2,0,0,0,0,0,0,0,2,0,0,0,0,0,0,0,0,0,0,0
"RYAN.GETZLAF","F","20162017","ANA",14,17.92,0,0,1,1,1,3,3,0.22,0,0,7.33,1,0,0,2,0,0,0,0,0,4,7,-3
"RYAN.GETZLAF","F","20172018","ANA",11,16.13,0,2,1,3,3,7,8,1.16,0,0,16.57,1,2,0,0,2,0,0,0,0,7,5,2
"RYAN.GETZLAF","F","20182019","ANA",9,12.63,1,0,1,2,2,2,4,0.28,50,50,14,1,2,0,2,0,0,0,0,0,7,6,1
"RYAN.JOHANSEN","F","20162017","NSH",17,21.67,0,1,0,1,4,6,7,0.7,0,0,11.67,1,0,1,1,1,0,1,0,0,12,7,5
"RYAN.JOHANSEN","F","20172018","NSH",17,20.75,0,0,0,0,2,3,3,0.7,0,0,23.33,0,0,1,1,0,0,0,0,0,7,5,2
"RYAN.JOHANSEN","F","20182019","NSH",14,14.65,1,0,0,1,3,3,4,0.21,33.33,33.33,7,2,2,1,1,0,0,0,0,0,7,6,1
"RYAN.KESLER","F","20162017","ANA",15,27.33,0,0,0,0,3,7,10,0.48,0,0,6.86,1,0,0,1,0,0,0,0,0,13,11,2
"RYAN.KESLER","F","20172018","ANA",9,12.28,0,0,0,0,4,4,5,0.27,0,0,6.75,1,0,1,1,0,0,0,0,0,5,9,-4
"RYAN.MCDONAGH","D","20162017","NYR",12,17.28,0,1,1,2,0,1,3,0.1,0,0,10,2,0,0,0,0,0,0,0,0,0,0,0
"RYAN.MCDONAGH","D","20172018","NYR",9,10.18,0,0,0,0,2,3,3,0.24,0,0,8,3,3,1,1,0,0,0,0,0,0,0,0
"RYAN.MCDONAGH","D","20182019","T.B",14,19.93,0,0,1,1,5,7,7,0.28,0,0,4,3,3,1,0,1,0,1,0,0,0,0,0
"RYAN.NUGENT-HOPKINS","F","20162017","EDM",15,19.13,1,0,0,1,9,12,13,0.97,11.11,8.33,8.08,0,0,0,0,1,0,0,0,0,4,4,0
"RYAN.NUGENT-HOPKINS","F","20172018","EDM",9,12.08,1,0,0,1,7,7,7,0.78,14.29,14.29,11.14,1,0,0,1,1,1,0,0,0,3,2,1
"RYAN.NUGENT-HOPKINS","F","20182019","EDM",11,12.88,0,1,0,1,4,5,6,0.43,0,0,8.6,0,0,1,1,0,0,0,0,0,2,3,-1
"RYAN.O'REILLY","F","20162017","BUF",14,18.07,0,1,0,1,5,5,5,0.75,0,0,15,2,0,1,0,1,0,0,0,0,12,6,6
"RYAN.O'REILLY","F","20172018","BUF",15,20.22,1,1,0,2,5,5,5,0.36,20,20,7.2,1,0,1,2,2,0,0,0,0,17,9,8
"RYAN.O'REILLY","F","20182019","STL",18,27.25,1,1,0,2,5,8,9,0.84,20,12.5,10.5,0,0,0,0,1,0,0,0,0,22,9,13
"RYAN.PULOCK","D","20172018","NYI",10,11.05,0,1,0,1,1,3,3,0.06,0,0,2,1,1,0,0,0,0,0,0,0,0,0,0
"RYAN.PULOCK","D","20182019","NYI",15,20.12,1,0,0,1,2,2,4,0.13,50,50,6.5,0,2,0,0,1,0,0,0,0,0,0,0
"RYAN.SPOONER","F","20162017","BOS",9,6.93,1,0,0,1,2,3,3,0.37,50,33.33,12.33,0,0,1,1,1,0,0,0,0,0,1,-1
"RYAN.SPOONER","F","20172018","BOS",4,5.52,0,0,0,0,0,1,1,0.02,0,0,2,0,0,0,0,0,0,0,0,0,0,1,-1
"RYAN.STROME","F","20162017","NYI",9,6.7,0,0,1,1,1,2,2,0.25,0,0,12.5,0,0,0,1,1,0,0,0,0,0,0,0
"RYAN.STROME","F","20172018","EDM",12,13.02,0,0,0,0,1,2,2,0.25,0,0,12.5,0,0,0,1,2,0,0,0,0,2,4,-2
"RYAN.STROME","F","20182019","NYR",10,10.12,2,0,0,2,3,3,3,0.49,66.67,66.67,16.33,2,1,0,0,0,0,0,0,0,4,3,1
"RYAN.SUTER","D","20162017","MIN",12,14.8,0,0,0,0,6,7,7,0.62,0,0,8.86,2,1,0,0,2,1,0,0,0,0,0,0
"RYAN.SUTER","D","20172018","MIN",16,20.9,0,0,0,0,7,8,8,0.52,0,0,6.5,0,1,0,1,0,0,0,0,0,0,0,0
"RYAN.SUTER","D","20182019","MIN",11,13.38,0,0,1,1,0,1,2,0.01,0,0,1,0,0,1,0,0,0,0,0,0,1,0,1
"SAM.BENNETT","F","20162017","CGY",8,6.02,0,0,0,0,1,1,1,0.09,0,0,9,0,1,0,0,0,0,1,0,0,2,2,0
"SAM.BENNETT","F","20172018","CGY",8,5.43,0,0,0,0,2,3,3,0.46,0,0,15.33,0,0,2,0,0,0,0,0,0,0,0,0
"SAM.GAGNER","F","20162017","CBJ",9,11.28,0,0,0,0,4,4,4,0.45,0,0,11.25,1,1,0,0,0,0,0,0,0,1,2,-1
"SAM.GAGNER","F","20172018","VAN",8,7.57,1,0,0,1,1,1,1,0.25,100,100,25,0,1,0,0,0,0,0,0,0,0,3,-3
"SAMI.VATANEN","D","20162017","ANA",9,8.03,0,0,0,0,1,1,1,0.19,0,0,19,0,0,0,0,1,0,0,0,0,0,0,0
"SAMI.VATANEN","D","20172018","ANA",4,5.03,0,0,0,0,0,1,1,0.06,0,0,6,0,0,0,0,0,0,0,0,0,0,0,0
"SAMI.VATANEN","D","20172018","N.J",10,11.45,0,1,1,2,1,2,2,0.19,0,0,9.5,0,0,0,0,0,0,0,0,0,0,0,0
"SAMI.VATANEN","D","20182019","N.J",8,15.33,0,0,0,0,0,0,0,0,0,0,0,2,1,1,0,0,0,0,0,0,0,0,0
"SAM.REINHART","F","20162017","BUF",9,8.45,0,0,0,0,3,3,4,0.36,0,0,12,0,0,1,0,0,0,0,0,0,2,2,0
"SAM.REINHART","F","20172018","BUF",10,10.97,0,0,1,1,2,4,4,0.68,0,0,17,1,0,0,0,0,0,0,0,0,0,0,0
"SAM.REINHART","F","20182019","BUF",16,23.83,0,0,0,0,2,5,7,0.32,0,0,6.4,0,0,0,0,1,0,0,0,0,1,0,1
"SAMUEL.GIRARD","D","20172018","COL",6,5.93,0,0,0,0,0,0,0,0,0,0,0,1,0,0,1,0,0,0,0,0,0,0,0
"SAMUEL.GIRARD","D","20182019","COL",13,13.5,0,0,0,0,3,3,4,0.19,0,0,6.33,0,0,0,0,0,0,0,0,0,0,0,0
"SEAN.COUTURIER","F","20162017","PHI",18,19.82,0,1,0,1,1,3,5,0.39,0,0,13,2,1,1,0,2,0,0,0,0,6,9,-3
"SEAN.COUTURIER","F","20172018","PHI",24,28.77,2,2,1,5,4,6,6,0.61,50,33.33,10.17,0,2,1,0,2,0,0,0,0,14,13,1
"SEAN.COUTURIER","F","20182019","PHI",15,15.4,1,1,0,2,3,4,4,0.52,33.33,25,13,0,0,1,1,2,0,0,0,0,8,5,3
"SEAN.KURALY","F","20182019","BOS",9,8.57,1,0,0,1,4,4,6,0.46,25,25,11.5,1,1,0,0,1,0,0,0,0,6,3,3
"SEAN.MONAHAN","F","20162017","CGY",16,16.03,2,1,0,3,5,5,6,0.61,40,40,12.2,1,0,0,0,2,0,0,0,0,7,11,-4
"SEAN.MONAHAN","F","20172018","CGY",17,26.33,3,0,0,3,6,10,10,1.42,50,30,14.2,0,0,0,0,1,0,0,0,0,12,12,0
"SEAN.MONAHAN","F","20182019","CGY",11,12.92,0,1,2,3,8,8,8,1.02,0,0,12.75,1,0,1,0,1,0,0,0,0,5,8,-3
"SEBASTIAN.AHO","F","20162017","CAR",17,15.93,1,0,0,1,4,7,8,0.79,25,14.29,11.29,0,0,2,0,1,0,1,0,0,1,2,-1
"SEBASTIAN.AHO","F","20172018","CAR",16,21.43,0,0,1,1,4,7,7,0.85,0,0,12.14,0,1,0,1,2,0,0,0,0,4,4,0
"SEBASTIAN.AHO","F","20182019","CAR",13,14.58,3,0,0,3,7,9,10,0.95,42.86,33.33,10.56,0,1,0,0,1,0,1,0,0,3,5,-2
"SETH.JONES","D","20162017","CBJ",17,22.38,3,1,1,5,5,6,6,0.7,60,50,11.67,4,4,1,2,2,1,0,0,0,0,0,0
"SETH.JONES","D","20172018","CBJ",20,31.52,1,0,2,3,2,3,4,0.61,50,33.33,20.33,3,1,0,0,1,0,0,0,0,0,0,0
"SETH.JONES","D","20182019","CBJ",13,19.73,3,0,1,4,5,6,6,0.74,60,50,12.33,5,0,1,0,3,0,0,0,0,0,0,0
"SHANE.DOAN","F","20162017","ARI",8,5.53,0,0,0,0,3,3,3,0.39,0,0,13,0,0,0,0,1,1,0,0,0,1,1,0
"SHANE.PRINCE","F","20162017","NYI",10,8.88,0,0,1,1,1,3,3,0.4,0,0,13.33,0,1,0,0,1,0,0,0,0,0,0,0
"SHAYNE.GOSTISBEHERE","D","20162017","PHI",22,35.82,0,1,1,2,8,11,12,1.16,0,0,10.55,4,0,1,3,1,0,0,0,0,0,0,0
"SHAYNE.GOSTISBEHERE","D","20172018","PHI",20,30,0,2,0,2,3,5,6,0.37,0,0,7.4,5,0,0,0,0,0,0,0,0,0,0,0
"SHAYNE.GOSTISBEHERE","D","20182019","PHI",13,12.67,1,1,1,3,3,3,4,0.17,33.33,33.33,5.67,1,0,0,0,0,0,0,0,0,0,0,0
"SHEA.THEODORE","D","20172018","VGK",9,10.17,0,1,0,1,9,9,9,1.31,0,0,14.56,1,0,0,0,1,0,0,0,0,0,0,0
"SHEA.THEODORE","D","20182019","VGK",10,9.28,1,1,0,2,6,7,8,0.65,16.67,14.29,9.29,0,0,0,1,3,0,0,0,0,0,0,0
"SHEA.WEBER","D","20162017","MTL",19,19.53,0,0,1,1,3,4,7,0.12,0,0,3,2,0,0,1,0,1,0,0,0,0,0,0
"SHEA.WEBER","D","20172018","MTL",7,7.1,0,0,0,0,2,2,2,0.05,0,0,2.5,0,2,0,0,0,0,0,0,0,0,0,0
"SIDNEY.CROSBY","F","20162017","PIT",18,24.15,1,2,0,3,5,6,9,0.55,20,16.67,9.17,1,2,1,3,1,0,1,0,0,10,17,-7
"SIDNEY.CROSBY","F","20172018","PIT",18,18.48,1,2,0,3,6,8,8,0.67,16.67,12.5,8.38,0,1,0,2,1,0,0,0,0,12,9,3
"SIDNEY.CROSBY","F","20182019","PIT",18,21.72,1,1,0,2,7,9,11,0.7,14.29,11.11,7.78,0,0,1,1,0,0,1,0,0,17,7,10
"STEVEN.STAMKOS","F","20172018","T.B",14,14.1,0,0,0,0,5,9,9,0.83,0,0,9.22,1,1,0,1,0,1,0,0,0,6,4,2
"STEVEN.STAMKOS","F","20182019","T.B",14,16.5,0,0,1,1,2,2,3,0.24,0,0,12,0,3,1,1,0,0,0,0,0,3,4,-1
"SVEN.BAERTSCHI","F","20162017","VAN",13,6.87,0,0,0,0,1,1,2,0.13,0,0,13,0,0,1,0,1,0,0,0,0,0,0,0
"SVEN.BAERTSCHI","F","20172018","VAN",8,8.43,1,0,0,1,2,2,4,0.37,50,50,18.5,0,0,0,0,2,0,0,0,0,0,0,0
"TANNER.PEARSON","F","20162017","L.A",18,13.82,2,2,1,5,3,4,6,0.62,66.67,50,15.5,0,1,0,0,1,0,0,0,0,0,4,-4
"TANNER.PEARSON","F","20172018","L.A",10,8.2,2,0,0,2,6,6,6,0.82,33.33,33.33,13.67,0,1,0,1,0,0,0,0,0,2,0,2
"TAYLOR.HALL","F","20162017","N.J",16,16.72,2,2,0,4,4,6,7,0.61,50,33.33,10.17,1,2,1,0,0,0,1,0,0,0,1,-1
"TAYLOR.HALL","F","20172018","N.J",18,26.43,3,1,1,5,10,12,17,1.32,30,25,11,2,1,1,0,1,1,0,0,0,3,4,-1
"TAYLOR.HALL","F","20182019","N.J",6,10.95,0,0,0,0,2,2,4,0.25,0,0,12.5,0,1,0,0,0,0,0,0,0,0,1,-1
"TEUVO.TERAVAINEN","F","20162017","CAR",15,16.27,1,1,1,3,4,5,5,0.45,25,20,9,1,1,0,0,1,0,0,0,0,0,5,-5
"TEUVO.TERAVAINEN","F","20172018","CAR",13,16.67,0,1,0,1,2,4,5,0.57,0,0,14.25,1,1,0,0,0,0,0,0,0,2,5,-3
"TEUVO.TERAVAINEN","F","20182019","CAR",13,11.27,1,0,0,1,4,5,5,0.77,25,20,15.4,0,0,1,0,1,0,0,0,0,0,0,0
"THOMAS.CHABOT","D","20172018","OTT",8,14.22,0,1,0,1,2,4,5,0.2,0,0,5,2,0,1,0,0,0,0,0,0,0,0,0
"THOMAS.CHABOT","D","20182019","OTT",10,13.1,1,0,1,2,2,3,3,0.36,50,33.33,12,0,0,0,1,0,0,0,0,0,0,0,0
"THOMAS.HICKEY","D","20162017","NYI",11,8.4,2,0,0,2,3,4,4,0.42,66.67,50,10.5,2,1,1,0,0,0,0,0,0,0,0,0
"THOMAS.HICKEY","D","20172018","NYI",12,8.62,0,1,0,1,1,1,1,0.1,0,0,10,0,0,1,0,0,0,0,0,0,0,0,0
"THOMAS.VANEK","F","20162017","DET",9,9.25,0,0,0,0,3,3,5,0.1,0,0,3.33,0,0,0,0,0,0,1,0,0,0,0,0
"TIMO.MEIER","F","20172018","S.J",7,5.23,0,0,0,0,1,1,1,0.17,0,0,17,0,1,0,0,0,0,0,0,0,0,1,-1
"TIMO.MEIER","F","20182019","S.J",11,8.83,1,0,0,1,1,1,1,0.15,100,100,15,0,1,2,0,0,0,0,0,0,0,0,0
"TJ.BRODIE","D","20162017","CGY",14,16.62,1,1,0,2,4,4,6,0.36,25,25,9,1,1,0,0,0,0,0,0,0,0,0,0
"TJ.BRODIE","D","20172018","CGY",17,25.67,0,2,1,3,7,7,7,0.84,0,0,12,2,0,0,3,3,1,1,0,0,0,0,0
"TJ.BRODIE","D","20182019","CGY",8,7.42,1,1,1,3,3,3,3,0.64,33.33,33.33,21.33,1,0,1,0,0,0,0,0,0,0,0,0
"T.J..OSHIE","F","20162017","WSH",9,8.63,1,0,0,1,4,6,7,0.68,25,16.67,11.33,0,2,0,0,0,0,0,0,0,0,1,-1
"T.J..OSHIE","F","20172018","WSH",14,14.5,0,2,0,2,2,3,3,0.3,0,0,10,3,0,0,1,2,0,0,0,0,3,0,3
"T.J..OSHIE","F","20182019","WSH",10,9.83,0,0,1,1,5,5,5,0.69,0,0,13.8,0,2,1,0,0,1,1,0,0,0,0,0
"TOBIAS.ENSTROM","D","20162017","WPG",7,5.32,0,0,0,0,0,0,0,0,0,0,0,1,0,0,0,0,0,0,0,0,0,0,0
"TOBIAS.RIEDER","F","20162017","ARI",14,13.38,1,0,0,1,4,4,5,0.53,25,25,13.25,0,0,0,0,1,0,0,0,0,0,0,0
"TOBIAS.RIEDER","F","20172018","ARI",8,5.67,0,0,0,0,0,0,1,0,0,0,0,0,0,0,0,0,0,0,0,0,0,2,-2
"TOMAS.HERTL","F","20162017","S.J",5,5.08,0,0,0,0,0,0,0,0,0,0,0,0,0,0,0,1,0,1,0,0,2,3,-1
"TOMAS.HERTL","F","20172018","S.J",17,18.8,1,1,1,3,4,5,7,0.8,25,20,16,0,0,0,2,1,1,0,0,0,5,6,-1
"TOMAS.HERTL","F","20182019","S.J",11,10.42,1,1,1,3,3,3,3,0.27,33.33,33.33,9,0,2,1,0,1,0,0,0,0,7,4,3
"TOMAS.PLEKANEC","F","20162017","MTL",17,14.97,0,1,0,1,4,7,7,0.48,0,0,6.86,1,0,1,0,0,0,1,0,0,8,4,4
"TOMAS.PLEKANEC","F","20172018","MTL",10,8.18,1,0,0,1,2,2,3,0.24,50,50,12,0,0,0,1,2,0,0,0,0,7,4,3
"TOMAS.TATAR","F","20162017","DET",23,25.53,0,1,0,1,8,10,12,0.66,0,0,6.6,1,0,1,0,2,0,2,0,0,0,0,0
"TOMAS.TATAR","F","20172018","DET",14,12.37,1,0,1,2,4,5,5,0.28,25,20,5.6,0,0,0,0,2,0,0,0,0,0,0,0
"TOM.PYATT","F","20162017","OTT",10,8.07,0,0,0,0,0,1,1,0.05,0,0,5,0,0,0,0,0,0,0,0,0,1,2,-1
"TOM.WILSON","F","20182019","WSH",9,6.47,0,0,0,0,1,2,4,0.12,0,0,6,0,0,1,0,1,0,0,0,0,0,0,0
"TONY.DEANGELO","D","20162017","ARI",5,6.37,0,0,0,0,0,0,0,0,0,0,0,1,0,0,0,0,0,0,0,0,0,0,0
"TONY.DEANGELO","D","20182019","NYR",14,17.47,0,0,0,0,3,3,3,0.24,0,0,8,1,0,0,0,0,0,0,0,0,0,0,0
"TOREY.KRUG","D","20162017","BOS",12,17.87,0,2,0,2,2,5,5,0.23,0,0,4.6,1,0,1,2,3,0,0,0,0,0,0,0
"TOREY.KRUG","D","20172018","BOS",18,22.42,0,4,0,4,3,3,5,0.29,0,0,9.67,4,1,0,1,0,0,0,0,0,0,0,0
"TOREY.KRUG","D","20182019","BOS",15,17.72,1,1,1,3,4,4,4,0.27,25,25,6.75,1,1,0,0,0,0,0,0,0,0,0,0
"TRAVIS.HAMONIC","D","20162017","NYI",8,7.05,0,0,0,0,1,1,1,0.02,0,0,2,0,0,0,0,0,0,0,0,0,0,0,0
"TRAVIS.KONECNY","F","20172018","PHI",19,21.25,2,2,0,4,7,12,14,1.11,28.57,16.67,9.25,1,2,2,1,1,0,0,0,0,0,0,0
"TRAVIS.KONECNY","F","20182019","PHI",15,13.18,1,0,0,1,6,8,10,0.67,16.67,12.5,8.38,3,0,0,0,1,0,1,0,0,0,0,0
"TRAVIS.SANHEIM","D","20182019","PHI",8,7.87,0,0,2,2,4,5,5,0.93,0,0,18.6,0,0,1,0,0,0,0,0,0,0,0,0
"TRAVIS.ZAJAC","F","20162017","N.J",19,20.8,0,1,0,1,1,1,1,0.14,0,0,14,1,0,1,0,2,1,0,0,0,14,10,4
"TRAVIS.ZAJAC","F","20172018","N.J",10,14.02,0,0,0,0,2,3,4,0.19,0,0,6.33,0,0,2,0,2,0,0,0,0,6,7,-1
"TRAVIS.ZAJAC","F","20182019","N.J",11,12.18,0,0,0,0,1,2,2,0.45,0,0,22.5,1,0,1,0,1,1,0,0,0,7,5,2
"TREVOR.DALEY","D","20162017","PIT",12,8.38,0,0,0,0,1,1,1,0.02,0,0,2,0,0,0,0,0,1,0,0,0,0,0,0
"TREVOR.DALEY","D","20172018","DET",13,13.63,1,0,0,1,3,3,4,0.27,33.33,33.33,9,2,0,0,0,0,1,0,0,0,0,0,0
"TREVOR.DALEY","D","20182019","DET",8,7.75,0,0,0,0,2,2,3,0.24,0,0,12,0,0,0,0,0,0,0,0,0,0,0,0
"TREVOR.LEWIS","F","20172018","L.A",12,8.78,0,0,0,0,3,4,5,0.18,0,0,4.5,1,0,1,0,0,0,0,0,0,1,0,1
"TROY.STECHER","D","20162017","VAN",11,8.8,0,0,0,0,2,3,4,0.17,0,0,5.67,0,0,0,0,1,0,0,0,0,0,0,0
"TROY.STECHER","D","20182019","VAN",8,11.72,0,0,0,0,4,4,6,0.33,0,0,8.25,2,0,1,0,0,0,0,0,0,0,0,0
"TYLER.BERTUZZI","F","20182019","DET",8,7.1,1,0,0,1,2,2,2,0.22,50,50,11,0,1,0,0,0,0,0,0,0,0,0,0
"TYLER.BOZAK","F","20162017","TOR",14,13.72,0,0,0,0,1,2,2,0.42,0,0,21,1,1,0,0,0,0,0,0,0,9,9,0
"TYLER.BOZAK","F","20172018","TOR",9,6.58,0,0,0,0,1,1,1,0.04,0,0,4,0,0,0,0,0,0,1,0,0,2,4,-2
"TYLER.BOZAK","F","20182019","STL",12,11.88,0,0,0,0,3,4,4,0.63,0,0,15.75,0,0,0,0,0,0,0,0,0,2,3,-1
"TYLER.JOHNSON","F","20162017","T.B",14,11,1,0,1,2,3,4,5,0.42,33.33,25,10.5,0,0,0,1,0,2,1,0,0,2,7,-5
"TYLER.JOHNSON","F","20172018","T.B",12,10.52,0,0,1,1,2,3,3,0.4,0,0,13.33,1,0,0,0,0,0,1,0,0,3,4,-1
"TYLER.JOHNSON","F","20182019","T.B",11,9.37,0,0,0,0,0,1,1,0.12,0,0,12,1,0,1,0,0,0,0,0,0,2,0,2
"TYLER.MYERS","D","20172018","WPG",15,16.83,1,0,1,2,3,5,6,0.69,33.33,20,13.8,2,3,0,0,0,1,0,0,0,0,0,0
"TYLER.MYERS","D","20182019","WPG",7,8.83,0,0,0,0,1,1,1,0.03,0,0,3,0,0,0,0,1,0,0,0,0,0,0,0
"TYLER.SEGUIN","F","20162017","DAL",14,11.7,0,1,0,1,2,2,3,0,0,0,0,1,1,0,0,0,0,0,0,0,2,3,-1
"TYLER.SEGUIN","F","20172018","DAL",17,22.57,0,3,0,3,6,8,8,0.55,0,0,6.88,1,1,1,0,3,0,1,0,0,9,12,-3
"TYLER.SEGUIN","F","20182019","DAL",12,15.63,2,0,0,2,8,12,13,1.19,25,16.67,9.92,0,0,0,0,0,0,0,0,0,5,8,-3
"TYLER.TOFFOLI","F","20162017","L.A",12,10.63,1,1,1,3,6,7,8,0.36,16.67,14.29,5.14,0,0,1,0,0,0,0,0,0,0,2,-2
"TYLER.TOFFOLI","F","20172018","L.A",12,12.68,1,0,0,1,5,6,6,0.77,20,16.67,12.83,0,0,0,0,0,0,0,0,0,0,0,0
"TYLER.TOFFOLI","F","20182019","L.A",16,14.98,2,0,0,2,6,7,8,0.83,33.33,28.57,11.86,0,0,0,1,0,0,0,0,0,0,0,0
"TYSON.BARRIE","D","20162017","COL",10,14.37,0,1,0,1,0,2,2,0.08,0,0,4,2,0,0,0,1,0,0,0,0,0,0,0
"TYSON.BARRIE","D","20172018","COL",13,14.32,0,1,0,1,2,2,3,0.08,0,0,4,1,0,0,0,1,0,0,0,0,0,0,0
"TYSON.BARRIE","D","20182019","COL",13,15.25,0,0,0,0,2,4,5,0.16,0,0,4,0,0,0,1,0,0,0,0,0,0,0,0
"VALTTERI.FILPPULA","F","20162017","T.B",8,9.83,0,0,0,0,1,4,4,0.32,0,0,8,0,1,0,1,0,1,0,0,0,2,6,-4
"VALTTERI.FILPPULA","F","20172018","PHI",16,12.78,0,0,2,2,1,2,2,0.33,0,0,16.5,1,0,1,0,1,0,1,0,0,7,1,6
"VALTTERI.FILPPULA","F","20182019","NYI",11,11.83,1,0,0,1,1,1,1,0.13,100,100,13,0,0,0,0,0,0,1,0,0,1,4,-3
"VICTOR.HEDMAN","D","20162017","T.B",19,27.77,2,1,0,3,6,8,9,0.62,33.33,25,7.75,0,0,1,1,0,0,0,0,0,0,0,0
"VICTOR.HEDMAN","D","20172018","T.B",15,17.6,0,0,0,0,6,6,7,0.55,0,0,9.17,2,1,0,0,2,0,0,0,0,0,0,0
"VICTOR.HEDMAN","D","20182019","T.B",16,25.93,2,0,2,4,10,12,13,1.09,20,16.67,9.08,0,0,0,0,2,0,0,0,0,0,0,0
"VICTOR.METE","D","20172018","MTL",7,9.13,0,0,0,0,2,2,2,0.63,0,0,31.5,2,0,0,1,1,0,0,0,0,0,0,0
"VICTOR.RASK","F","20162017","CAR",15,15.77,0,0,0,0,2,2,2,0.17,0,0,8.5,2,0,1,1,0,0,0,0,0,4,7,-3
"VICTOR.RASK","F","20172018","CAR",4,5.4,0,0,0,0,2,4,5,0.51,0,0,12.75,0,0,0,0,1,0,0,0,0,0,1,-1
"VIKTOR.ARVIDSSON","F","20162017","NSH",16,15.9,1,0,0,1,4,5,6,0.58,25,20,11.6,1,0,1,0,2,0,0,0,0,0,1,-1
"VIKTOR.ARVIDSSON","F","20172018","NSH",20,23.38,1,1,1,3,5,7,9,0.93,20,14.29,13.29,3,0,2,1,1,0,1,0,0,0,0,0
"VIKTOR.ARVIDSSON","F","20182019","NSH",10,10.03,0,1,0,1,1,1,2,0.03,0,0,3,2,0,1,0,0,1,0,0,0,0,0,0
"VINCE.DUNN","D","20182019","STL",14,11.12,1,0,0,1,2,2,3,0.15,50,50,7.5,1,1,0,0,0,1,1,0,0,0,0,0
"VINCENT.TROCHECK","F","20162017","FLA",22,33.4,1,0,1,2,5,5,9,0.89,20,20,17.8,3,2,3,1,1,0,1,0,0,9,19,-10
"VINCENT.TROCHECK","F","20172018","FLA",13,19.4,0,0,0,0,8,9,10,1.06,0,0,11.78,1,0,1,1,0,0,0,0,0,7,3,4
"VINCENT.TROCHECK","F","20182019","FLA",11,13.73,0,0,0,0,7,8,8,0.95,0,0,11.88,6,1,1,1,2,0,0,0,0,5,6,-1
"VINNIE.HINOSTROZA","F","20182019","ARI",11,10.38,0,0,1,1,2,2,2,0.22,0,0,11,0,0,0,0,0,0,0,0,0,0,0,0
"VLADIMIR.SOBOTKA","F","20172018","STL",11,12.43,0,1,1,2,1,1,1,0.2,0,0,20,0,2,1,0,0,0,0,0,0,4,3,1
"VLADIMIR.SOBOTKA","F","20182019","BUF",5,5.5,0,0,0,0,0,1,1,0.12,0,0,12,0,0,0,0,1,0,0,0,0,1,1,0
"VLADIMIR.TARASENKO","F","20162017","STL",13,16.1,3,0,0,3,10,10,10,0.94,30,30,9.4,0,0,1,1,2,0,0,0,0,0,0,0
"VLADIMIR.TARASENKO","F","20172018","STL",13,16.28,2,0,0,2,7,8,12,0.45,28.57,25,5.62,0,0,0,0,0,0,0,0,0,0,0,0
"VLADIMIR.TARASENKO","F","20182019","STL",16,19.72,1,0,1,2,8,8,13,0.86,12.5,12.5,10.75,1,0,0,0,0,1,1,0,0,0,0,0
"VLADISLAV.NAMESTNIKOV","F","20162017","T.B",6,5.62,0,0,0,0,0,1,1,0.04,0,0,4,0,0,0,0,0,0,0,0,0,2,1,1
"VLADISLAV.NAMESTNIKOV","F","20182019","NYR",12,12.5,0,1,0,1,1,2,2,0.21,0,0,10.5,0,1,1,0,0,0,0,0,0,0,0,0
"WAYNE.SIMMONDS","F","20162017","PHI",20,20.08,1,0,1,2,6,7,10,1.11,16.67,14.29,15.86,0,0,0,2,2,1,1,0,0,0,1,-1
"WAYNE.SIMMONDS","F","20172018","PHI",12,9.7,1,0,0,1,2,3,3,0.36,50,33.33,12,0,1,1,0,0,0,0,0,0,0,0,0
"WILL.BUTCHER","D","20182019","N.J",11,13.13,0,0,0,0,2,2,3,0.07,0,0,3.5,3,0,0,0,0,0,0,0,0,0,0,0
"WILLIAM.KARLSSON","F","20172018","VGK",17,19.4,1,0,1,2,2,2,4,0.11,50,50,5.5,1,2,0,0,0,0,1,0,0,7,10,-3
"WILLIAM.KARLSSON","F","20182019","VGK",12,11.8,0,0,0,0,2,4,4,0.38,0,0,9.5,0,2,1,0,1,0,0,0,0,6,6,0
"WILLIAM.NYLANDER","F","20162017","TOR",17,14.57,0,1,0,1,1,1,1,0.04,0,0,4,0,0,0,0,2,0,0,0,0,0,3,-3
"WILLIAM.NYLANDER","F","20172018","TOR",18,18.33,1,1,0,2,6,9,10,1.29,16.67,11.11,14.33,0,1,0,0,1,0,1,0,0,4,5,-1
"WILLIAM.NYLANDER","F","20182019","TOR",7,6.1,0,0,0,0,3,3,3,0.21,0,0,7,1,0,0,0,0,0,0,0,0,1,1,0
"YANNI.GOURDE","F","20172018","T.B",8,6.03,1,0,0,1,1,2,2,0.34,100,50,17,0,0,0,0,1,0,0,0,0,0,1,-1
"YANNI.GOURDE","F","20182019","T.B",9,6.88,1,1,0,2,2,2,3,0.38,50,50,19,0,0,0,0,0,0,0,0,0,2,2,0
"ZACH.BOGOSIAN","D","20162017","BUF",7,5.27,1,0,0,1,1,2,2,0.22,100,50,11,0,0,0,1,0,0,0,0,0,0,0,0
"ZACH.BOGOSIAN","D","20182019","BUF",8,7.03,0,0,0,0,4,4,4,1.16,0,0,29,2,0,1,0,0,0,0,0,0,0,0,0
"ZACH.HYMAN","F","20162017","TOR",12,10.9,0,0,0,0,1,2,4,0.34,0,0,17,0,2,0,0,1,0,0,0,0,0,1,-1
"ZACH.PARISE","F","20162017","MIN",9,10.1,0,0,0,0,4,4,4,0.63,0,0,15.75,1,0,0,1,0,0,0,0,0,0,0,0
"ZACH.PARISE","F","20172018","MIN",8,8.68,0,0,0,0,1,1,1,0.14,0,0,14,1,0,0,0,0,0,0,0,0,0,0,0
"ZACH.PARISE","F","20182019","MIN",12,14.23,0,2,0,2,4,7,9,0.54,0,0,7.71,1,1,0,0,1,1,0,0,0,0,2,-2
"ZACH.WERENSKI","D","20162017","CBJ",15,13.83,1,0,1,2,3,3,5,0.17,33.33,33.33,5.67,1,0,0,0,0,0,0,0,0,0,0,0
"ZACH.WERENSKI","D","20172018","CBJ",15,17.83,1,1,0,2,3,6,7,0.6,33.33,16.67,10,0,0,1,0,1,0,1,0,0,0,0,0
"ZACH.WERENSKI","D","20182019","CBJ",8,10.78,0,0,0,0,3,3,4,0.27,0,0,9,0,1,0,0,1,0,0,0,0,0,0,0
"ZACK.SMITH","F","20172018","OTT",9,6.87,0,0,0,0,1,3,4,0.34,0,0,11.33,1,0,0,1,1,0,0,0,0,1,1,0
